source_lo_id,target_lo_id,relation,score,confidence,rationale,modality,run_id
958,959,prerequisite,0.8,0.85,"Verifying the Fundamental Trigonometric Identities provides foundational knowledge necessary for simplifying trigonometric expressions, making it a prerequisite.",multimodal,gpt-4o-mini
960,961,prerequisite,0.9,0.95,"The source LO teaches the foundational concepts of Sum and Difference Identities, which are essential for understanding and applying the Sum and Difference Formulas for Cosine in the target LO.",multimodal,gpt-4o-mini
960,962,prerequisite,0.9,0.9,"The source LO teaches the foundational concepts of Sum and Difference Identities, which are essential for understanding how to apply these identities specifically to sine in the target LO.",multimodal,gpt-4o-mini
961,962,prerequisite,0.8,0.85,"The source LO covers the application of Sum and Difference Formulas for Cosine, which, while not directly related to sine, still reinforces the understanding of the overall concept of sum and difference identities, thus providing a supportive foundation for the target LO.",multimodal,gpt-4o-mini
960,963,prerequisite,0.9,0.9,"The source LO covers the foundational concepts of Sum and Difference Identities, which are essential for understanding the Sum and Difference Formulas for Tangent.",multimodal,gpt-4o-mini
961,963,prerequisite,0.85,0.85,"Using the Sum and Difference Formulas for Cosine provides relevant knowledge that supports the application of the tangent formulas, as cosine is part of the tangent identity.",multimodal,gpt-4o-mini
962,963,prerequisite,0.85,0.85,"Using the Sum and Difference Formulas for Sine is also relevant, as sine is involved in the tangent identity, thus providing necessary foundational knowledge.",multimodal,gpt-4o-mini
960,964,prerequisite,0.9,0.9,"The source LO covers the foundational concepts of Sum and Difference Identities, which are essential for understanding the application of these identities to cofunctions.",multimodal,gpt-4o-mini
961,964,prerequisite,0.85,0.85,"This source LO specifically addresses the Sum and Difference Formulas for Cosine, which are directly applicable to the target LO regarding cofunctions.",multimodal,gpt-4o-mini
962,964,prerequisite,0.85,0.85,"This source LO focuses on the Sum and Difference Formulas for Sine, which are necessary for applying these concepts to cofunctions in the target LO.",multimodal,gpt-4o-mini
963,964,prerequisite,0.85,0.85,"This source LO discusses the Sum and Difference Formulas for Tangent, which are relevant for understanding the application of these formulas to cofunctions in the target LO.",multimodal,gpt-4o-mini
960,965,prerequisite,0.9,0.9,"The source LO covers the foundational concepts of Sum and Difference Identities, which are essential for using these formulas to verify identities.",multimodal,gpt-4o-mini
961,965,prerequisite,0.85,0.85,"This source LO focuses on using the Sum and Difference Formulas specifically for cosine, which is a necessary skill for verifying identities involving cosine.",multimodal,gpt-4o-mini
962,965,prerequisite,0.85,0.85,"This source LO focuses on using the Sum and Difference Formulas specifically for sine, which is a necessary skill for verifying identities involving sine.",multimodal,gpt-4o-mini
963,965,prerequisite,0.85,0.85,"This source LO focuses on using the Sum and Difference Formulas specifically for tangent, which is a necessary skill for verifying identities involving tangent.",multimodal,gpt-4o-mini
964,965,prerequisite,0.85,0.85,"This source LO focuses on using the Sum and Difference Formulas for cofunctions, which is relevant for verifying identities that involve cofunction relationships.",multimodal,gpt-4o-mini
966,967,prerequisite,0.9,0.9,"The source LO covers the foundational concepts of Double-Angle, Half-Angle, and Reduction Formulas, which are essential for using these formulas to find exact values in the target LO.",multimodal,gpt-4o-mini
966,968,prerequisite,0.9,0.9,"The source LO covers the foundational concepts of Double-Angle, Half-Angle, and Reduction Formulas, which are essential for understanding how to use these formulas to verify identities in the target LO.",multimodal,gpt-4o-mini
967,968,prerequisite,0.85,0.85,"The source LO teaches how to use Double-Angle Formulas to find exact values, which provides a practical application of these formulas that is necessary for verifying identities in the target LO.",multimodal,gpt-4o-mini
966,969,prerequisite,0.9,0.9,"The source LO covers the foundational concepts of Double-Angle, Half-Angle, and Reduction Formulas, which are essential for understanding how to use Reduction Formulas to simplify expressions.",multimodal,gpt-4o-mini
967,969,prerequisite,0.85,0.85,"This source LO focuses on using Double-Angle Formulas to find exact values, which provides necessary skills and understanding that support the application of Reduction Formulas in simplification.",multimodal,gpt-4o-mini
968,969,prerequisite,0.85,0.85,"Verifying identities using Double-Angle Formulas helps build the skills needed to simplify expressions with Reduction Formulas, making it a relevant prerequisite.",multimodal,gpt-4o-mini
966,970,prerequisite,0.9,0.9,"The source LO covers Double-Angle, Half-Angle, and Reduction Formulas, which are foundational concepts necessary for understanding and using Half-Angle Formulas to find exact values.",multimodal,gpt-4o-mini
967,970,prerequisite,0.85,0.85,"Using Double-Angle Formulas to Find Exact Values provides relevant skills and knowledge that support the application of Half-Angle Formulas, making it a prerequisite.",multimodal,gpt-4o-mini
968,970,prerequisite,0.85,0.8,"Using Double-Angle Formulas to Verify Identities involves understanding the properties of double-angle formulas, which is essential for applying half-angle formulas effectively.",multimodal,gpt-4o-mini
969,970,prerequisite,0.8,0.75,"Using Reduction Formulas to Simplify an Expression provides skills that are relevant to simplifying expressions involving half-angle formulas, thus serving as a prerequisite.",multimodal,gpt-4o-mini
971,972,prerequisite,0.9,0.9,"The source LO 'Sum-to-Product and Product-to-Sum Formulas' provides foundational knowledge and skills necessary for understanding how to express products as sums, which is the target LO.",multimodal,gpt-4o-mini
971,973,prerequisite,0.9,0.9,"The source LO 'Sum-to-Product and Product-to-Sum Formulas' provides foundational knowledge necessary for understanding how to express sums as products, which is the target LO.",multimodal,gpt-4o-mini
972,973,prerequisite,0.85,0.85,"The source LO 'Expressing Products as Sums' is closely related and builds upon the concepts needed to express sums as products, making it a relevant prerequisite.",multimodal,gpt-4o-mini
974,975,prerequisite,0.9,0.9,"The source LO 'Solving Trigonometric Equations' provides foundational knowledge and skills necessary for understanding and solving 'Solving Linear Trigonometric Equations in Sine and Cosine', making it a prerequisite.",multimodal,gpt-4o-mini
974,976,prerequisite,0.9,0.9,Solving Trigonometric Equations provides foundational knowledge and skills necessary for understanding and solving more complex equations involving trigonometric functions.,multimodal,gpt-4o-mini
975,976,prerequisite,0.85,0.85,"Solving Linear Trigonometric Equations in Sine and Cosine focuses on specific cases of trigonometric equations, which are essential for tackling the broader topic of Solving Equations Involving a Single Trigonometric Function.",multimodal,gpt-4o-mini
974,977,prerequisite,0.9,0.9,"Solving Trigonometric Equations provides foundational knowledge and skills necessary for solving trigonometric equations using a calculator, as it covers the basic principles and methods involved.",multimodal,gpt-4o-mini
975,977,prerequisite,0.85,0.85,"Solving Linear Trigonometric Equations in Sine and Cosine focuses on specific types of trigonometric equations, which are essential for understanding how to solve more complex equations using a calculator.",multimodal,gpt-4o-mini
976,977,prerequisite,0.8,0.8,Solving Equations Involving a Single Trigonometric Function is a foundational skill that is necessary for solving more complex trigonometric equations with a calculator.,multimodal,gpt-4o-mini
974,978,prerequisite,0.9,0.9,"Solving Trigonometric Equations provides foundational skills and concepts necessary for solving more complex equations, such as those in quadratic form.",multimodal,gpt-4o-mini
975,978,prerequisite,0.85,0.85,Solving Linear Trigonometric Equations in Sine and Cosine introduces basic techniques that are essential for understanding and solving quadratic forms.,multimodal,gpt-4o-mini
976,978,prerequisite,0.8,0.8,"Solving Equations Involving a Single Trigonometric Function lays the groundwork for more complex equations, including those in quadratic form.",multimodal,gpt-4o-mini
974,979,prerequisite,0.9,0.9,Solving Trigonometric Equations provides foundational knowledge and skills necessary for solving trigonometric equations using fundamental identities.,multimodal,gpt-4o-mini
975,979,prerequisite,0.85,0.85,Solving Linear Trigonometric Equations in Sine and Cosine teaches specific methods that are essential for understanding more complex trigonometric equations.,multimodal,gpt-4o-mini
976,979,prerequisite,0.8,0.8,Solving Equations Involving a Single Trigonometric Function is a foundational skill that supports the understanding of more complex equations involving multiple identities.,multimodal,gpt-4o-mini
977,979,prerequisite,0.7,0.75,Solve Trigonometric Equations Using a Calculator introduces techniques that can assist in solving equations but is less foundational than other sources.,multimodal,gpt-4o-mini
978,979,prerequisite,0.75,0.8,"Solving Trigonometric Equations in Quadratic Form builds on previous skills and is relevant for solving more complex equations, but is more specialized.",multimodal,gpt-4o-mini
974,980,prerequisite,0.9,0.9,Solving Trigonometric Equations provides foundational skills necessary for understanding and solving more complex equations involving multiple angles.,multimodal,gpt-4o-mini
975,980,prerequisite,0.85,0.85,Solving Linear Trigonometric Equations in Sine and Cosine introduces basic concepts that are essential for tackling equations with multiple angles.,multimodal,gpt-4o-mini
976,980,prerequisite,0.8,0.8,Solving Equations Involving a Single Trigonometric Function lays the groundwork for understanding how to manipulate and solve more complex equations with multiple angles.,multimodal,gpt-4o-mini
977,980,prerequisite,0.7,0.75,"Solve Trigonometric Equations Using a Calculator helps in verifying solutions, which is useful when dealing with multiple angles, but is less foundational than other sources.",multimodal,gpt-4o-mini
978,980,prerequisite,0.75,0.7,"Solving Trigonometric Equations in Quadratic Form provides specific techniques that can be applied to more complex equations, making it a relevant prerequisite.",multimodal,gpt-4o-mini
979,980,prerequisite,0.85,0.8,"Solving Trigonometric Equations Using Fundamental Identities is crucial for manipulating equations with multiple angles, thus serving as a strong prerequisite.",multimodal,gpt-4o-mini
982,984,prerequisite,0.8,0.9,Modeling with Trigonometric Functions provides foundational knowledge necessary for understanding how to find equations and graph sinusoidal functions.,multimodal,gpt-4o-mini
983,984,prerequisite,0.85,0.9,"Determining the Amplitude and Period of a Sinusoidal Function is essential for graphing sinusoidal functions, as it directly relates to the characteristics needed to find their equations.",multimodal,gpt-4o-mini
982,985,prerequisite,0.9,0.9,Modeling with Trigonometric Functions provides foundational knowledge necessary for understanding how to model periodic behavior.,multimodal,gpt-4o-mini
983,985,prerequisite,0.85,0.85,"Determining the Amplitude and Period of a Sinusoidal Function is essential for modeling periodic behavior, as it directly relates to the characteristics of sinusoidal functions.",multimodal,gpt-4o-mini
984,985,prerequisite,0.8,0.8,"Finding Equations and Graphing Sinusoidal Functions builds upon the understanding of sinusoidal functions, which is crucial for modeling periodic behavior.",multimodal,gpt-4o-mini
982,986,prerequisite,0.8,0.9,Modeling with Trigonometric Functions provides foundational knowledge necessary for understanding harmonic motion functions.,multimodal,gpt-4o-mini
983,986,prerequisite,0.85,0.85,"Determining the Amplitude and Period of a Sinusoidal Function is essential for modeling harmonic motion, as these concepts are directly applied in the target LO.",multimodal,gpt-4o-mini
984,986,prerequisite,0.9,0.9,Finding Equations and Graphing Sinusoidal Functions is a critical skill that supports the understanding of harmonic motion functions.,multimodal,gpt-4o-mini
985,986,prerequisite,0.75,0.8,"Modeling Periodic Behavior relates closely to harmonic motion, making it a relevant prerequisite.",multimodal,gpt-4o-mini
1034,1035,prerequisite,0.9,0.95,"The source LO teaches the foundational concepts of the Law of Sines, which are necessary for using it to solve oblique triangles in the target LO.",multimodal,gpt-4o-mini
1034,1036,prerequisite,0.9,0.9,"The source LO covers the foundational concepts of the Law of Sines, which are necessary for understanding how to apply it to solve SSA triangles in the target LO.",multimodal,gpt-4o-mini
1035,1036,prerequisite,0.85,0.85,"The source LO involves using the Law of Sines to solve oblique triangles, which is closely related to the target LO's focus on SSA triangles, providing relevant skills and knowledge.",multimodal,gpt-4o-mini
1034,1037,prerequisite,0.9,0.9,"The Law of Sines is fundamental for understanding how to find the area of an oblique triangle using the sine function, as it provides the necessary relationships between the sides and angles.",multimodal,gpt-4o-mini
1035,1037,prerequisite,0.85,0.85,"Using the Law of Sines to solve oblique triangles directly relates to finding the area of such triangles, as it involves applying the law to determine necessary dimensions.",multimodal,gpt-4o-mini
1036,1037,prerequisite,0.8,0.8,"Using the Law of Sines to solve SSA triangles is relevant because it helps in understanding how to apply the law in specific cases, which is essential for calculating the area of oblique triangles.",multimodal,gpt-4o-mini
1034,1038,prerequisite,0.9,0.9,"The source LO covers the foundational concepts of the Law of Sines, which are essential for solving applied problems using the Law of Sines.",multimodal,gpt-4o-mini
1035,1038,prerequisite,0.85,0.85,"This source LO focuses on using the Law of Sines to solve oblique triangles, which directly supports the application of the Law of Sines in solving applied problems.",multimodal,gpt-4o-mini
1036,1038,prerequisite,0.8,0.8,"This source LO addresses a specific case (SSA triangles) of using the Law of Sines, which is relevant for solving applied problems that may involve such scenarios.",multimodal,gpt-4o-mini
1039,1040,prerequisite,0.9,0.9,"The source LO covers the Law of Cosines, which is essential for understanding how to apply it to solve oblique triangles in the target LO.",multimodal,gpt-4o-mini
1039,1041,prerequisite,0.9,0.9,"The source LO teaches the foundational concepts of the Law of Cosines, which are necessary for solving applied problems using the Law of Cosines.",multimodal,gpt-4o-mini
1040,1041,prerequisite,0.85,0.85,"The source LO focuses on using the Law of Cosines to solve oblique triangles, which directly builds upon the understanding needed to solve applied problems using the Law of Cosines.",multimodal,gpt-4o-mini
1039,1042,prerequisite,0.9,0.9,"Understanding the Law of Cosines is essential for applying Heron's Formula, as both concepts relate to non-right triangles.",multimodal,gpt-4o-mini
1040,1042,prerequisite,0.85,0.85,Using the Law of Cosines to solve oblique triangles provides foundational skills necessary for applying Heron's Formula.,multimodal,gpt-4o-mini
1041,1042,prerequisite,0.8,0.8,"Solving applied problems using the Law of Cosines reinforces the application of the Law of Cosines, which is relevant for using Heron's Formula.",multimodal,gpt-4o-mini
1043,1044,prerequisite,0.9,0.9,"The source LO on Polar Coordinates provides the foundational knowledge necessary for understanding how to plot points using polar coordinates, making it a prerequisite for the target LO.",multimodal,gpt-4o-mini
1043,1045,prerequisite,0.9,0.9,"Understanding Polar Coordinates is essential for converting them to Rectangular Coordinates, as it provides the foundational knowledge needed for the conversion process.",multimodal,gpt-4o-mini
1044,1045,prerequisite,0.85,0.85,"Plotting Points Using Polar Coordinates helps in visualizing and understanding the relationship between polar and rectangular coordinates, which is necessary for the conversion.",multimodal,gpt-4o-mini
1043,1046,prerequisite,0.8,0.9,Understanding Polar Coordinates provides foundational knowledge necessary for converting between coordinate systems.,multimodal,gpt-4o-mini
1044,1046,prerequisite,0.85,0.9,Plotting Points Using Polar Coordinates is essential for grasping how to convert from Rectangular to Polar Coordinates.,multimodal,gpt-4o-mini
1043,1047,prerequisite,0.9,0.9,Understanding Polar Coordinates is essential for transforming equations between polar and rectangular forms.,multimodal,gpt-4o-mini
1044,1047,prerequisite,0.85,0.85,Plotting Points Using Polar Coordinates provides foundational knowledge necessary for working with polar and rectangular forms.,multimodal,gpt-4o-mini
1045,1047,prerequisite,0.9,0.9,Converting from Polar Coordinates to Rectangular Coordinates directly relates to the transformation of equations between the two forms.,multimodal,gpt-4o-mini
1046,1047,prerequisite,0.9,0.9,Converting from Rectangular Coordinates to Polar Coordinates is also crucial for understanding the transformation of equations between the two forms.,multimodal,gpt-4o-mini
1043,1048,prerequisite,0.9,0.9,"Understanding Polar Coordinates is essential for identifying and graphing polar equations, as it provides the foundational knowledge needed.",multimodal,gpt-4o-mini
1044,1048,prerequisite,0.85,0.85,Plotting Points Using Polar Coordinates is a necessary skill that precedes the ability to graph polar equations.,multimodal,gpt-4o-mini
1045,1048,prerequisite,0.8,0.8,"Converting from Polar Coordinates to Rectangular Coordinates is directly relevant to the target LO, as it involves the transformation needed to graph polar equations.",multimodal,gpt-4o-mini
1047,1048,prerequisite,0.75,0.8,Transforming Equations between Polar and Rectangular Forms is relevant as it builds on the understanding needed to graph polar equations.,multimodal,gpt-4o-mini
1049,1050,prerequisite,0.9,0.9,"The source LO on Polar Coordinates: Graphs provides foundational knowledge about polar coordinates, which is essential for understanding how to test polar equations for symmetry in the target LO.",multimodal,gpt-4o-mini
1049,1051,prerequisite,0.9,0.9,"Understanding Polar Coordinates is essential for graphing polar equations, as it provides the foundational knowledge needed to plot points correctly.",multimodal,gpt-4o-mini
1050,1051,prerequisite,0.7,0.85,"Testing Polar Equations for Symmetry helps in understanding the properties of polar graphs, which can enhance the graphing process, but it is not strictly necessary before plotting points.",multimodal,gpt-4o-mini
1049,1052,prerequisite,0.9,0.9,"Understanding polar coordinates and their graphs is essential for summarizing curves in polar coordinates, making this a strong prerequisite.",multimodal,gpt-4o-mini
1050,1052,prerequisite,0.8,0.85,"Testing polar equations for symmetry provides foundational knowledge that is useful when summarizing curves, as symmetry can affect the overall shape and characteristics of the graph.",multimodal,gpt-4o-mini
1051,1052,prerequisite,0.85,0.8,"Graphing polar equations by plotting points is a fundamental skill that directly supports the ability to summarize curves, as it involves understanding how to represent polar equations visually.",multimodal,gpt-4o-mini
1053,1054,prerequisite,0.9,0.9,"The Polar Form of Complex Numbers provides the foundational knowledge necessary to understand how to plot complex numbers in the complex plane, as it teaches the representation of complex numbers in polar coordinates.",multimodal,gpt-4o-mini
1053,1055,prerequisite,0.9,0.9,"The Polar Form of Complex Numbers provides foundational knowledge necessary for understanding the Absolute Value of a Complex Number, as it relates to the magnitude in polar coordinates.",multimodal,gpt-4o-mini
1054,1055,prerequisite,0.85,0.85,"Plotting Complex Numbers in the Complex Plane helps visualize the concept of absolute value, as it relates to the distance from the origin, making it a relevant prerequisite.",multimodal,gpt-4o-mini
1053,1056,prerequisite,0.9,0.9,"The source LO teaches the concept of Polar Form of Complex Numbers, which is foundational for writing complex numbers in polar form.",multimodal,gpt-4o-mini
1054,1056,prerequisite,0.7,0.85,"Plotting complex numbers in the complex plane helps visualize the polar form, making it a useful prerequisite for understanding how to write complex numbers in polar form.",multimodal,gpt-4o-mini
1055,1056,prerequisite,0.6,0.8,"Finding the absolute value of a complex number is a foundational skill that supports understanding polar coordinates, as the absolute value relates to the radius in polar form.",multimodal,gpt-4o-mini
1053,1057,prerequisite,0.9,0.9,"Understanding the Polar Form of Complex Numbers is essential for converting them to Rectangular Form, as it provides the foundational knowledge needed for the conversion process.",multimodal,gpt-4o-mini
1054,1057,prerequisite,0.5,0.7,"Plotting Complex Numbers in the Complex Plane may help visualize the conversion, but it is not strictly necessary for the conversion process itself.",multimodal,gpt-4o-mini
1055,1057,prerequisite,0.4,0.6,Finding the Absolute Value of a Complex Number is related but does not directly contribute to the skills needed for converting between forms.,multimodal,gpt-4o-mini
1056,1057,prerequisite,0.95,0.95,"Writing Complex Numbers in Polar Form is a direct precursor to converting them to Rectangular Form, as it establishes the necessary understanding of the polar representation.",multimodal,gpt-4o-mini
1053,1058,prerequisite,0.9,0.9,Understanding the Polar Form of Complex Numbers is essential for finding products of complex numbers in that form.,multimodal,gpt-4o-mini
1056,1058,prerequisite,0.95,0.95,Writing complex numbers in polar form is a direct prerequisite for finding products of complex numbers in that form.,multimodal,gpt-4o-mini
1053,1059,prerequisite,0.9,0.9,"Understanding the Polar Form of Complex Numbers is essential for finding quotients, as it provides the foundational knowledge needed to manipulate complex numbers in this form.",multimodal,gpt-4o-mini
1056,1059,prerequisite,0.85,0.85,"Writing complex numbers in polar form is a necessary step before performing operations like finding quotients, making it a strong prerequisite.",multimodal,gpt-4o-mini
1058,1059,prerequisite,0.8,0.8,"Finding products of complex numbers in polar form builds skills that are applicable to finding quotients, as both involve similar manipulations of polar representations.",multimodal,gpt-4o-mini
1053,1060,prerequisite,0.9,0.9,Understanding the Polar Form of Complex Numbers is essential for finding powers of complex numbers in that form.,multimodal,gpt-4o-mini
1056,1060,prerequisite,0.95,0.9,Writing complex numbers in polar form is a foundational skill necessary for finding their powers.,multimodal,gpt-4o-mini
1058,1060,prerequisite,0.85,0.85,Finding products of complex numbers in polar form is relevant and builds on the skills needed for finding powers.,multimodal,gpt-4o-mini
1059,1060,prerequisite,0.8,0.8,Finding quotients of complex numbers in polar form is also relevant and provides skills that are useful for finding powers.,multimodal,gpt-4o-mini
1053,1061,prerequisite,0.9,0.9,"Understanding the Polar Form of Complex Numbers is essential for finding roots, as it provides the foundational knowledge needed to work with complex numbers in this format.",multimodal,gpt-4o-mini
1056,1061,prerequisite,0.95,0.9,"Writing complex numbers in polar form is a critical step before finding roots, as it ensures that the numbers are in the correct format for the operations involved.",multimodal,gpt-4o-mini
1058,1061,prerequisite,0.8,0.85,"Finding products of complex numbers in polar form helps build the skills necessary for finding roots, as it involves similar operations with angles and magnitudes.",multimodal,gpt-4o-mini
1059,1061,prerequisite,0.8,0.85,"Finding quotients of complex numbers in polar form is relevant as it involves manipulating polar coordinates, which is useful for understanding roots.",multimodal,gpt-4o-mini
1060,1061,prerequisite,0.85,0.9,"Finding powers of complex numbers in polar form is directly related to finding roots, as both involve exponentiation and manipulation of angles.",multimodal,gpt-4o-mini
1062,1063,prerequisite,0.9,0.9,"The source LO 'Parametric Equations' provides foundational knowledge about the concepts and skills needed to understand how to parameterize a curve, making it a strong prerequisite for the target LO.",multimodal,gpt-4o-mini
1062,1064,prerequisite,0.9,0.9,"Understanding parametric equations is essential for eliminating the parameter, as it provides the foundational knowledge needed to manipulate and analyze these equations.",multimodal,gpt-4o-mini
1063,1064,prerequisite,0.85,0.85,"Parameterizing a curve is a necessary step before eliminating the parameter, as it involves defining the relationship between the variables in parametric form.",multimodal,gpt-4o-mini
1062,1065,prerequisite,0.9,0.9,"Understanding parametric equations is essential for finding Cartesian equations from curves defined parametrically, as it provides the foundational knowledge needed.",multimodal,gpt-4o-mini
1063,1065,prerequisite,0.85,0.85,Parameterizing a curve is a necessary skill that precedes the ability to find Cartesian equations from those curves.,multimodal,gpt-4o-mini
1064,1065,prerequisite,0.95,0.9,"Eliminating the parameter is directly related to finding Cartesian equations, as it is a key step in the process.",multimodal,gpt-4o-mini
1062,1066,prerequisite,0.9,0.9,Parametric Equations provides foundational knowledge necessary for understanding how to find parametric equations for curves defined by rectangular equations.,multimodal,gpt-4o-mini
1063,1066,prerequisite,0.85,0.85,"Parameterizing a Curve teaches the skills needed to create parametric equations, which is essential before finding parametric equations for curves defined by rectangular equations.",multimodal,gpt-4o-mini
1064,1066,prerequisite,0.7,0.8,"Eliminating the Parameter builds on the understanding of parametric equations, which is relevant for finding parametric equations for curves defined by rectangular equations.",multimodal,gpt-4o-mini
1067,1068,prerequisite,0.9,0.9,"The source LO on Parametric Equations: Graphs provides foundational knowledge about parametric equations, which is essential for understanding how to graph them by plotting points in the target LO.",multimodal,gpt-4o-mini
1067,1069,prerequisite,0.9,0.9,"The source LO covers the foundational concepts of parametric equations, which are essential for understanding their applications in the target LO.",multimodal,gpt-4o-mini
1068,1069,prerequisite,0.85,0.85,"Graphing parametric equations by plotting points provides the necessary skills to visualize and apply parametric equations, making it a prerequisite for the applications discussed in the target LO.",multimodal,gpt-4o-mini
1070,1072,prerequisite,0.9,0.9,"The source LO on Vectors provides foundational knowledge about vectors, which is essential for understanding how to find their magnitude and direction.",multimodal,gpt-4o-mini
1071,1072,prerequisite,0.85,0.85,A Geometric View of Vectors offers a conceptual understanding of vectors that is necessary before applying the concepts to find magnitude and direction.,multimodal,gpt-4o-mini
1070,1073,prerequisite,0.9,0.9,"The source LO introduces the concept of vectors, which is foundational for understanding vector addition and scalar multiplication.",multimodal,gpt-4o-mini
1071,1073,prerequisite,0.85,0.85,"This source LO provides a geometric perspective on vectors, which is essential for visualizing and performing vector operations.",multimodal,gpt-4o-mini
1072,1073,prerequisite,0.8,0.8,"Finding magnitude and direction is crucial for understanding how to perform vector addition and scalar multiplication, as these operations rely on these concepts.",multimodal,gpt-4o-mini
1070,1074,prerequisite,0.8,0.9,"Understanding vectors is foundational for multiplying by a scalar, as it provides the necessary context and properties of vectors.",multimodal,gpt-4o-mini
1071,1074,prerequisite,0.75,0.85,"A geometric view of vectors helps in visualizing scalar multiplication, making it easier to understand how vectors are affected by scalar values.",multimodal,gpt-4o-mini
1072,1074,prerequisite,0.7,0.8,"Finding magnitude and direction is important for understanding the effects of scalar multiplication on vectors, as it relates to how the size and direction of a vector change.",multimodal,gpt-4o-mini
1073,1074,prerequisite,0.9,0.95,"Performing vector addition and scalar multiplication directly relates to the target LO, as it involves the same operation of scalar multiplication and is essential for mastering the concept.",multimodal,gpt-4o-mini
1070,1075,prerequisite,0.9,0.9,Understanding the basic concepts of vectors is essential for finding their component form.,multimodal,gpt-4o-mini
1071,1075,prerequisite,0.85,0.85,A geometric view of vectors provides foundational knowledge necessary for understanding component form.,multimodal,gpt-4o-mini
1072,1075,prerequisite,0.8,0.8,Finding magnitude and direction is crucial for determining the component form of a vector.,multimodal,gpt-4o-mini
1073,1075,prerequisite,0.75,0.75,Performing vector addition and scalar multiplication is relevant for manipulating vectors into their component form.,multimodal,gpt-4o-mini
1074,1075,prerequisite,0.7,0.7,Multiplying by a scalar is a fundamental operation that relates to finding the component form of vectors.,multimodal,gpt-4o-mini
1070,1076,prerequisite,0.9,0.9,"The source LO covers the fundamental concepts of vectors, which are essential for understanding how to find the unit vector in the direction of v.",multimodal,gpt-4o-mini
1071,1076,prerequisite,0.85,0.85,"This source LO provides a geometric perspective on vectors, which is foundational for applying vector concepts in the target LO.",multimodal,gpt-4o-mini
1072,1076,prerequisite,0.8,0.8,"Finding magnitude and direction is crucial for determining the unit vector, making this source LO a necessary prerequisite.",multimodal,gpt-4o-mini
1073,1076,prerequisite,0.75,0.75,"Performing vector addition and scalar multiplication is relevant as it relates to manipulating vectors, which is important for finding unit vectors.",multimodal,gpt-4o-mini
1074,1076,prerequisite,0.7,0.7,"Multiplying by a scalar is a basic operation that is relevant to finding unit vectors, as it involves scaling vectors.",multimodal,gpt-4o-mini
1075,1076,prerequisite,0.65,0.65,"Finding component form is useful for understanding vectors in a coordinate system, which can aid in finding unit vectors, but is less directly related than other source LOs.",multimodal,gpt-4o-mini
1070,1077,prerequisite,0.9,0.9,"The source LO introduces the concept of vectors, which is foundational for performing operations with vectors in terms of i and j.",multimodal,gpt-4o-mini
1071,1077,prerequisite,0.85,0.85,"A geometric view of vectors provides essential understanding of vector operations, which is necessary before performing operations in terms of i and j.",multimodal,gpt-4o-mini
1072,1077,prerequisite,0.8,0.8,"Finding magnitude and direction is crucial for understanding vector operations, as it lays the groundwork for working with vectors in component form.",multimodal,gpt-4o-mini
1073,1077,prerequisite,0.9,0.9,"Performing vector addition and scalar multiplication is directly related to operations with vectors, making it a strong prerequisite.",multimodal,gpt-4o-mini
1074,1077,prerequisite,0.75,0.75,Multiplying by a scalar is a fundamental operation that supports understanding vector operations in component form.,multimodal,gpt-4o-mini
1075,1077,prerequisite,0.85,0.85,"Finding component form is essential for performing operations with vectors in terms of i and j, as it translates vector information into a usable format.",multimodal,gpt-4o-mini
1076,1077,prerequisite,0.8,0.8,"Finding the unit vector in the direction of v is relevant for understanding vector operations, particularly in terms of direction and magnitude.",multimodal,gpt-4o-mini
1070,1078,prerequisite,0.9,0.9,"The source LO introduces the concept of vectors, which is foundational for performing operations on vectors.",multimodal,gpt-4o-mini
1071,1078,prerequisite,0.85,0.85,A geometric view of vectors provides essential understanding necessary for operations involving vectors.,multimodal,gpt-4o-mini
1072,1078,prerequisite,0.8,0.8,Finding magnitude and direction is crucial for understanding how to perform operations on vectors.,multimodal,gpt-4o-mini
1073,1078,prerequisite,0.9,0.9,Performing vector addition and scalar multiplication is directly related to the operations on vectors in terms of i and j.,multimodal,gpt-4o-mini
1074,1078,prerequisite,0.7,0.75,Multiplying by a scalar is a fundamental operation that supports the understanding of vector operations.,multimodal,gpt-4o-mini
1075,1078,prerequisite,0.85,0.85,Finding component form is essential for performing operations on vectors in terms of i and j.,multimodal,gpt-4o-mini
1076,1078,prerequisite,0.75,0.8,"Finding the unit vector is relevant for understanding vector operations, though it is more specific.",multimodal,gpt-4o-mini
1070,1079,prerequisite,0.8,0.9,"The source LO introduces the concept of vectors, which is foundational for understanding the component form of a vector.",multimodal,gpt-4o-mini
1071,1079,prerequisite,0.75,0.85,A geometric view of vectors provides essential visual and conceptual understanding necessary for calculating vector components.,multimodal,gpt-4o-mini
1072,1079,prerequisite,0.85,0.9,Finding magnitude and direction is crucial for understanding how to express a vector in component form.,multimodal,gpt-4o-mini
1073,1079,prerequisite,0.7,0.8,"Performing vector addition and scalar multiplication involves understanding components, which is relevant for calculating the component form.",multimodal,gpt-4o-mini
1074,1079,prerequisite,0.6,0.75,"Multiplying by a scalar relates to understanding how to manipulate vector components, though it is less directly related than other sources.",multimodal,gpt-4o-mini
1075,1079,prerequisite,0.9,0.95,"Finding component form is directly related to the target LO, as it is a step in the process of calculating the direction of a vector.",multimodal,gpt-4o-mini
1076,1079,prerequisite,0.8,0.85,Finding the unit vector in the direction of v is closely related to understanding the component form of a vector.,multimodal,gpt-4o-mini
1077,1079,prerequisite,0.85,0.9,"Performing operations with vectors in terms of i and j directly involves the component form, making it a strong prerequisite.",multimodal,gpt-4o-mini
1078,1079,prerequisite,0.9,0.9,"Performing operations on vectors in terms of i and j provides foundational knowledge about vector representation and manipulation, which is essential for calculating the component form of a vector.",multimodal,gpt-4o-mini
1070,1080,prerequisite,0.9,0.9,Understanding the basic concepts of vectors is essential before finding the dot product.,multimodal,gpt-4o-mini
1071,1080,prerequisite,0.85,0.85,A geometric view of vectors provides foundational knowledge that supports the understanding of operations like the dot product.,multimodal,gpt-4o-mini
1072,1080,prerequisite,0.8,0.8,Finding magnitude and direction is important for understanding the components involved in the dot product.,multimodal,gpt-4o-mini
1073,1080,prerequisite,0.9,0.9,Performing vector addition and scalar multiplication is foundational for understanding how to manipulate vectors before applying the dot product.,multimodal,gpt-4o-mini
1074,1080,prerequisite,0.7,0.75,"Multiplying by a scalar is a basic operation that helps in understanding vector manipulation, which is relevant for the dot product.",multimodal,gpt-4o-mini
1075,1080,prerequisite,0.75,0.7,"Finding component form is necessary for applying the dot product, as it involves working with vector components.",multimodal,gpt-4o-mini
1076,1080,prerequisite,0.8,0.8,"Finding the unit vector is relevant as it relates to understanding vector direction and magnitude, which are involved in the dot product.",multimodal,gpt-4o-mini
1077,1080,prerequisite,0.85,0.85,Performing operations with vectors in terms of i and j is directly related to the calculations involved in finding the dot product.,multimodal,gpt-4o-mini
1078,1080,prerequisite,0.9,0.9,"Performing operations on vectors in terms of i and j provides the necessary skills to manipulate vectors, which is foundational for understanding how to find the dot product.",multimodal,gpt-4o-mini
1079,1080,prerequisite,0.85,0.85,"Calculating the component form of a vector is essential for understanding the components involved in the dot product, making it a prerequisite for finding the dot product of two vectors.",multimodal,gpt-4o-mini
1217,1218,prerequisite,0.9,0.95,"The source LO covers foundational concepts related to functions, which are essential for understanding how to determine whether a relation represents a function.",multimodal,gpt-4o-mini
1217,1219,prerequisite,0.9,0.9,"Understanding functions and function notation is foundational for finding input and output values of a function, as it provides the necessary context and terminology.",multimodal,gpt-4o-mini
1218,1219,prerequisite,0.85,0.85,"Determining whether a relation represents a function is essential before finding input and output values, as it establishes whether the relation can be treated as a function.",multimodal,gpt-4o-mini
1217,1220,prerequisite,0.9,0.9,Understanding the basic concepts of functions is essential before determining if a function is one-to-one.,multimodal,gpt-4o-mini
1218,1220,prerequisite,0.85,0.85,Knowing how to identify whether a relation represents a function is foundational for understanding one-to-one functions.,multimodal,gpt-4o-mini
1219,1220,prerequisite,0.8,0.8,Finding input and output values of a function is necessary to analyze the one-to-one property of functions.,multimodal,gpt-4o-mini
1217,1221,prerequisite,0.9,0.9,Understanding functions is foundational for applying the Vertical Line Test.,multimodal,gpt-4o-mini
1218,1221,prerequisite,0.85,0.85,Determining whether a relation represents a function is essential before using the Vertical Line Test.,multimodal,gpt-4o-mini
1219,1221,prerequisite,0.8,0.8,Finding input and output values of a function provides necessary context for applying the Vertical Line Test.,multimodal,gpt-4o-mini
1217,1222,prerequisite,0.9,0.9,Understanding functions is foundational for applying the Horizontal Line Test.,multimodal,gpt-4o-mini
1218,1222,prerequisite,0.85,0.85,Determining whether a relation represents a function is essential before using the Horizontal Line Test.,multimodal,gpt-4o-mini
1219,1222,prerequisite,0.8,0.8,Finding input and output values of a function is necessary to understand how the Horizontal Line Test applies.,multimodal,gpt-4o-mini
1220,1222,prerequisite,0.75,0.75,Determining whether a function is one-to-one is directly related to the application of the Horizontal Line Test.,multimodal,gpt-4o-mini
1217,1223,prerequisite,0.9,0.9,Identifying Basic Toolkit Functions builds upon the foundational knowledge of functions introduced in the source LO.,multimodal,gpt-4o-mini
1218,1223,prerequisite,0.85,0.85,"Determining Whether a Relation Represents a Function is essential for understanding what constitutes a function, which is necessary for identifying basic toolkit functions.",multimodal,gpt-4o-mini
1219,1223,prerequisite,0.8,0.8,"Finding Input and Output Values of a Function provides the necessary skills to work with functions, which is crucial for identifying basic toolkit functions.",multimodal,gpt-4o-mini
1220,1223,prerequisite,0.7,0.75,Determining Whether a Function is One-to-One introduces a specific type of function that can be relevant when identifying basic toolkit functions.,multimodal,gpt-4o-mini
1221,1223,prerequisite,0.6,0.7,"Using the Vertical Line Test is a method to determine if a relation is a function, which supports the understanding needed for identifying basic toolkit functions.",multimodal,gpt-4o-mini
1222,1223,prerequisite,0.5,0.65,"Using the Horizontal Line Test is related to understanding function properties, but is less directly connected to identifying basic toolkit functions compared to other source LOs.",multimodal,gpt-4o-mini
1224,1225,prerequisite,0.9,0.95,"The source LO 'Domain and Range' provides foundational knowledge about the concepts of domain and range, which are essential for understanding how to find the domain of a function defined by an equation.",multimodal,gpt-4o-mini
1224,1226,prerequisite,0.9,0.9,"The source LO 'Domain and Range' provides foundational knowledge about the concepts of domain and range, which are essential for understanding how to use notations to specify them.",multimodal,gpt-4o-mini
1225,1226,prerequisite,0.85,0.85,"The source LO 'Finding the Domain of a Function Defined by an Equation' teaches skills necessary for determining the domain, which is a critical component of specifying domain and range using notations.",multimodal,gpt-4o-mini
1224,1227,prerequisite,0.9,0.9,"The source LO 'Domain and Range' provides foundational knowledge about the concepts of domain and range, which are essential for understanding how to find them from graphs.",multimodal,gpt-4o-mini
1225,1227,prerequisite,0.85,0.85,"The source LO 'Finding the Domain of a Function Defined by an Equation' teaches how to determine the domain of functions, which is a necessary skill before applying this knowledge to graphs.",multimodal,gpt-4o-mini
1226,1227,prerequisite,0.8,0.8,"The source LO 'Using Notations to Specify Domain and Range' introduces the notations used to express domain and range, which is important for understanding how to find these from graphs.",multimodal,gpt-4o-mini
1224,1228,prerequisite,0.9,0.9,"The source LO covers the foundational concepts of domain and range, which are essential for understanding how to find domains and ranges of specific functions.",multimodal,gpt-4o-mini
1225,1228,prerequisite,0.85,0.85,"This source LO focuses on finding the domain of a function defined by an equation, which directly supports the skills needed to find domains and ranges of toolkit functions.",multimodal,gpt-4o-mini
1226,1228,prerequisite,0.8,0.8,Using notations to specify domain and range provides necessary skills for clearly communicating the domains and ranges of toolkit functions.,multimodal,gpt-4o-mini
1227,1228,prerequisite,0.75,0.75,"Finding domain and range from graphs is a practical application that builds on the foundational knowledge of domain and range, making it relevant for the target LO.",multimodal,gpt-4o-mini
1224,1229,prerequisite,0.9,0.9,"Understanding the domain and range is essential for graphing piecewise-defined functions, as it provides the foundational knowledge needed to determine the valid inputs and outputs.",multimodal,gpt-4o-mini
1225,1229,prerequisite,0.85,0.85,"Finding the domain of a function defined by an equation is a prerequisite for graphing piecewise-defined functions, as it helps in identifying the valid input values for the function.",multimodal,gpt-4o-mini
1226,1229,prerequisite,0.8,0.8,"Using notations to specify domain and range is important for graphing piecewise-defined functions, as it aids in clearly communicating the constraints of the function.",multimodal,gpt-4o-mini
1227,1229,prerequisite,0.9,0.9,"Finding domain and range from graphs is directly applicable to graphing piecewise-defined functions, as it involves interpreting graphical information to determine valid input and output values.",multimodal,gpt-4o-mini
1228,1229,prerequisite,0.85,0.85,Finding domains and ranges of the toolkit functions provides necessary context and examples that are useful when graphing piecewise-defined functions.,multimodal,gpt-4o-mini
1230,1231,prerequisite,0.9,0.9,"The source LO covers foundational concepts related to rates of change, which are essential for understanding how to find the average rate of change of a function.",multimodal,gpt-4o-mini
1230,1232,prerequisite,0.9,0.9,"The source LO covers foundational concepts related to rates of change and behavior of graphs, which are essential for understanding how to determine where a function is increasing, decreasing, or constant.",multimodal,gpt-4o-mini
1231,1232,prerequisite,0.85,0.85,"Finding the average rate of change provides a foundational understanding of how functions behave over intervals, which is necessary for analyzing increasing, decreasing, or constant behavior in the target LO.",multimodal,gpt-4o-mini
1230,1233,prerequisite,0.9,0.9,"The source LO covers foundational concepts related to rates of change, which are essential for analyzing increasing or decreasing intervals in functions.",multimodal,gpt-4o-mini
1231,1233,prerequisite,0.85,0.85,"Finding the average rate of change is a fundamental skill that supports the analysis of increasing or decreasing intervals, making it a prerequisite.",multimodal,gpt-4o-mini
1232,1233,prerequisite,0.95,0.95,"Using a graph to determine where a function is increasing or decreasing directly relates to the target LO, as it provides the necessary skills to analyze those intervals.",multimodal,gpt-4o-mini
1231,1234,prerequisite,0.7,0.8,"Finding the average rate of change provides foundational knowledge about how functions behave, which is relevant for locating absolute extrema.",multimodal,gpt-4o-mini
1232,1234,prerequisite,0.85,0.9,"Understanding where a function is increasing, decreasing, or constant is essential for identifying absolute maximum and minimum values.",multimodal,gpt-4o-mini
1233,1234,prerequisite,0.75,0.85,"Analyzing toolkit functions for their intervals of increase or decrease helps in understanding the behavior of functions, which is necessary for finding absolute extrema.",multimodal,gpt-4o-mini
1235,1237,prerequisite,0.9,0.9,"The source LO 'Composition of Functions' provides foundational knowledge necessary for understanding how to create a function by composition, making it a strong prerequisite.",multimodal,gpt-4o-mini
1235,1238,prerequisite,0.9,0.9,The source LO on Composition of Functions provides foundational knowledge necessary for understanding how to evaluate composite functions.,multimodal,gpt-4o-mini
1236,1238,prerequisite,0.7,0.85,"Combining Functions Using Algebraic Operations introduces skills that are useful for evaluating composite functions, as it involves manipulating functions before composition.",multimodal,gpt-4o-mini
1237,1238,prerequisite,0.8,0.9,"Creating a Function by Composition of Functions directly relates to evaluating composite functions, as it involves understanding the process of composition before evaluation.",multimodal,gpt-4o-mini
1235,1239,prerequisite,0.9,0.9,"Understanding the composition of functions is essential for finding the domain of a composite function, as it provides the foundational knowledge needed to analyze how the functions interact.",multimodal,gpt-4o-mini
1236,1239,prerequisite,0.7,0.8,"Combining functions using algebraic operations is relevant as it helps in understanding how to manipulate functions, which is necessary for finding their domains when composed.",multimodal,gpt-4o-mini
1237,1239,prerequisite,0.85,0.85,"Creating a function by composition is directly related to finding the domain of that composite function, as it involves understanding the inputs and outputs of the functions involved.",multimodal,gpt-4o-mini
1238,1239,prerequisite,0.8,0.9,"Evaluating composite functions is a step that follows understanding their domains, making it a relevant prerequisite for finding the domain of a composite function.",multimodal,gpt-4o-mini
1867,1868,prerequisite,0.9,0.9,"The source LO 'Functions' provides foundational knowledge about the concept of functions, which is essential for understanding how to represent functions in the target LO.",multimodal,gpt-4o-mini
1867,1869,prerequisite,0.9,0.9,"Understanding functions is essential for combining them, as it provides the foundational knowledge needed to manipulate and work with functions.",multimodal,gpt-4o-mini
1868,1869,prerequisite,0.85,0.85,"Representing functions is a key skill that supports the concept of combining functions, as it helps in visualizing and understanding how functions interact.",multimodal,gpt-4o-mini
1867,1870,prerequisite,0.9,0.9,Understanding the basic properties and definitions of functions is essential for grasping the concept of symmetry in functions.,multimodal,gpt-4o-mini
1868,1870,prerequisite,0.85,0.85,"Representing functions involves understanding their graphical forms, which is foundational for analyzing their symmetry.",multimodal,gpt-4o-mini
1869,1870,prerequisite,0.8,0.8,"Combining functions may involve understanding how symmetry affects the resulting function, but it is less directly foundational than the other two sources.",multimodal,gpt-4o-mini
1872,1873,prerequisite,0.7,0.8,"Linear functions and slope provide foundational knowledge about functions, which is essential for understanding polynomials as they are a broader class of functions that include linear functions.",multimodal,gpt-4o-mini
1872,1874,prerequisite,0.9,0.9,"Linear functions provide foundational knowledge about algebraic functions, as they are a specific type of algebraic function that students need to understand before exploring the broader category of algebraic functions.",multimodal,gpt-4o-mini
1873,1874,prerequisite,0.85,0.85,"Polynomials are a key component of algebraic functions, and understanding polynomials is essential for grasping the concepts of algebraic functions as a whole.",multimodal,gpt-4o-mini
1872,1875,prerequisite,0.8,0.85,"Linear functions provide foundational knowledge about function behavior and graphing, which is essential for understanding transcendental functions.",multimodal,gpt-4o-mini
1873,1875,prerequisite,0.7,0.8,"Polynomials introduce key concepts of functions and their properties, which are relevant when studying transcendental functions.",multimodal,gpt-4o-mini
1874,1875,prerequisite,0.75,0.8,"Algebraic functions cover essential function types and their characteristics, which are important for grasping transcendental functions.",multimodal,gpt-4o-mini
1872,1876,prerequisite,0.7,0.8,"Linear functions provide foundational knowledge about function behavior and graphing, which is essential for understanding piecewise-defined functions.",multimodal,gpt-4o-mini
1873,1876,prerequisite,0.6,0.75,"Polynomials introduce concepts of function types and their properties, which can be relevant when discussing piecewise-defined functions.",multimodal,gpt-4o-mini
1874,1876,prerequisite,0.8,0.85,"Algebraic functions encompass a variety of function types, including those that may be used in piecewise definitions, making it a strong prerequisite.",multimodal,gpt-4o-mini
1872,1877,prerequisite,0.8,0.9,"Linear Functions and Slope provide foundational knowledge about function behavior, which is essential for understanding transformations of functions.",multimodal,gpt-4o-mini
1873,1877,prerequisite,0.75,0.85,Polynomials introduce key concepts of function manipulation that are relevant for understanding transformations.,multimodal,gpt-4o-mini
1874,1877,prerequisite,0.7,0.8,"Algebraic Functions cover various types of functions that will be transformed, making it a prerequisite for understanding transformations.",multimodal,gpt-4o-mini
1875,1877,prerequisite,0.65,0.75,"Transcendental Functions include functions that can be transformed, providing necessary context for the target LO.",multimodal,gpt-4o-mini
1876,1877,prerequisite,0.6,0.7,"Piecewise-Defined Functions involve understanding how different function segments can be transformed, which is relevant for the target LO.",multimodal,gpt-4o-mini
1879,1880,prerequisite,0.9,0.9,"Radian Measure is essential for understanding the Six Basic Trigonometric Functions, as it provides the necessary framework for measuring angles in trigonometry, which is foundational for defining and working with these functions.",multimodal,gpt-4o-mini
1879,1881,prerequisite,0.8,0.9,"Radian Measure is foundational for understanding trigonometric identities, as it provides the necessary context for measuring angles in trigonometric functions.",multimodal,gpt-4o-mini
1880,1881,prerequisite,0.85,0.9,"The Six Basic Trigonometric Functions are essential for understanding and applying trigonometric identities, as these identities often involve these fundamental functions.",multimodal,gpt-4o-mini
1879,1882,prerequisite,0.9,0.9,"Radian Measure is essential for understanding the graphs and periods of trigonometric functions, as it provides the necessary unit for measuring angles in the context of these functions.",multimodal,gpt-4o-mini
1880,1882,prerequisite,0.95,0.95,"The Six Basic Trigonometric Functions are foundational for understanding their graphs and periods, as the target LO builds directly upon the properties and behaviors of these functions.",multimodal,gpt-4o-mini
1881,1882,prerequisite,0.8,0.85,"Trigonometric Identities provide important relationships that can be used to analyze and understand the graphs and periods of trigonometric functions, making it a relevant prerequisite.",multimodal,gpt-4o-mini
1884,1885,prerequisite,0.9,0.95,"The existence of an inverse function is foundational knowledge necessary for understanding how to find a function's inverse, making it a prerequisite.",multimodal,gpt-4o-mini
1884,1886,prerequisite,0.9,0.9,"The existence of an inverse function is foundational knowledge necessary for understanding inverse trigonometric functions, as it establishes the criteria for when a function can have an inverse.",multimodal,gpt-4o-mini
1885,1886,prerequisite,0.95,0.95,"Finding a function's inverse directly relates to the concept of inverse trigonometric functions, as it provides the skills needed to compute inverses, which is essential for understanding their properties and applications.",multimodal,gpt-4o-mini
1888,1889,prerequisite,0.9,0.9,"Exponential Functions provides foundational knowledge about the properties and behavior of exponential growth, which is essential for understanding the Number e.",multimodal,gpt-4o-mini
1888,1890,prerequisite,0.9,0.9,"Exponential Functions provide foundational knowledge necessary for understanding Logarithmic Functions, as logarithms are the inverse of exponentials.",multimodal,gpt-4o-mini
1889,1890,prerequisite,0.85,0.85,"The Number e is essential for understanding logarithmic functions, particularly natural logarithms, which are based on the base e.",multimodal,gpt-4o-mini
1888,1891,prerequisite,0.8,0.9,"Exponential Functions provide foundational knowledge necessary for understanding Hyperbolic Functions, as they are closely related.",multimodal,gpt-4o-mini
1889,1891,prerequisite,0.7,0.85,"The Number e is essential for understanding both Exponential and Hyperbolic Functions, making it a prerequisite.",multimodal,gpt-4o-mini
1890,1891,prerequisite,0.75,0.8,"Logarithmic Functions are related to Exponential Functions, which are foundational for Hyperbolic Functions.",multimodal,gpt-4o-mini
1893,1894,prerequisite,0.8,0.9,"The Tangent Problem and Differential Calculus provides foundational knowledge about derivatives, which are essential for understanding the concepts of area under curves and integral calculus in the Area Problem.",multimodal,gpt-4o-mini
1897,1898,prerequisite,0.9,0.95,"The Intuitive Definition of a Limit provides foundational knowledge about limits, which is essential for understanding the Existence of a Limit.",multimodal,gpt-4o-mini
1897,1899,prerequisite,0.9,0.9,"The Intuitive Definition of a Limit provides foundational knowledge about limits, which is essential for understanding One-Sided Limits.",multimodal,gpt-4o-mini
1898,1899,prerequisite,0.85,0.85,"The Existence of a Limit is crucial for grasping the concept of One-Sided Limits, as it establishes the conditions under which limits exist.",multimodal,gpt-4o-mini
1897,1900,prerequisite,0.9,0.9,"The Intuitive Definition of a Limit provides foundational knowledge about limits, which is essential for understanding Infinite Limits.",multimodal,gpt-4o-mini
1898,1900,prerequisite,0.95,0.95,"The Existence of a Limit is crucial for grasping the concept of Infinite Limits, as it establishes the conditions under which limits can be evaluated.",multimodal,gpt-4o-mini
1899,1900,prerequisite,0.85,0.85,"One-Sided Limits are important for understanding Infinite Limits, as they help in analyzing limits from different directions, which is often necessary in infinite cases.",multimodal,gpt-4o-mini
1902,1903,prerequisite,0.9,0.9,"Evaluating Limits with the Limit Laws provides foundational knowledge and skills necessary for understanding Limits of Polynomial and Rational Functions, as it teaches the basic principles of limits that are essential for applying them to specific types of functions.",multimodal,gpt-4o-mini
1902,1904,prerequisite,0.9,0.9,"Evaluating Limits with the Limit Laws provides foundational knowledge and skills necessary for understanding Additional Limit Evaluation Techniques, as it covers the basic principles that will be built upon.",multimodal,gpt-4o-mini
1903,1904,prerequisite,0.85,0.85,"Limits of Polynomial and Rational Functions introduces specific types of limits that are essential for mastering Additional Limit Evaluation Techniques, making it a prerequisite.",multimodal,gpt-4o-mini
1902,1905,prerequisite,0.9,0.9,"Evaluating Limits with the Limit Laws provides foundational knowledge on how to apply limit laws, which is essential for understanding the Squeeze Theorem.",multimodal,gpt-4o-mini
1903,1905,prerequisite,0.85,0.85,Limits of Polynomial and Rational Functions introduces key concepts of limits that are necessary for applying the Squeeze Theorem effectively.,multimodal,gpt-4o-mini
1904,1905,prerequisite,0.8,0.8,"Additional Limit Evaluation Techniques expands on limit evaluation methods, which are relevant for understanding the application of the Squeeze Theorem.",multimodal,gpt-4o-mini
1907,1908,prerequisite,0.9,0.9,"Continuity at a Point provides the foundational knowledge necessary to understand Types of Discontinuities, as it covers the basic concept of continuity which is essential for identifying and classifying different types of discontinuities.",multimodal,gpt-4o-mini
1907,1909,prerequisite,0.9,0.95,"Continuity at a Point provides the foundational understanding of what continuity means, which is essential for understanding Continuity over an Interval.",multimodal,gpt-4o-mini
1908,1909,prerequisite,0.7,0.85,"Types of Discontinuities introduces different forms of discontinuity, which is relevant for understanding how continuity is assessed over an interval, but it is less foundational than continuity at a point.",multimodal,gpt-4o-mini
1907,1910,prerequisite,0.9,0.9,Continuity at a Point provides the foundational knowledge necessary to understand the concept of proof in the context of continuity.,multimodal,gpt-4o-mini
1908,1910,prerequisite,0.85,0.85,Types of Discontinuities helps in understanding the different scenarios that can arise in proofs related to continuity.,multimodal,gpt-4o-mini
1909,1910,prerequisite,0.8,0.8,Continuity over an Interval builds on the concepts of continuity at a point and is essential for understanding proofs that involve intervals.,multimodal,gpt-4o-mini
1907,1911,prerequisite,0.9,0.9,"Continuity at a Point provides the foundational understanding of continuity, which is essential for grasping the Intermediate Value Theorem.",multimodal,gpt-4o-mini
1908,1911,prerequisite,0.7,0.85,"Types of Discontinuities helps in understanding the conditions under which the Intermediate Value Theorem applies, making it a relevant prerequisite.",multimodal,gpt-4o-mini
1909,1911,prerequisite,0.85,0.8,"Continuity over an Interval is directly related to the Intermediate Value Theorem, as it deals with the behavior of functions over intervals.",multimodal,gpt-4o-mini
1913,1915,prerequisite,0.9,0.9,"Quantifying Closeness provides foundational knowledge about how limits are defined and understood, which is essential for grasping the concepts of One-Sided and Infinite Limits.",multimodal,gpt-4o-mini
