source_lo_id,target_content_id,relation,score,confidence,rationale,modality,run_id
1034,1034_concept_1,explained_by,0.9,0.85,"The content directly addresses the Law of Sines, which is essential for solving non-right triangles.",multimodal,gpt-4o-mini
1035,1034_concept_1,explained_by,0.9,0.85,"The content provides a foundation for using the Law of Sines to solve oblique triangles, aligning well with the objective.",multimodal,gpt-4o-mini
1037,1034_concept_1,explained_by,0.9,0.85,"The content prepares students to find the area of an oblique triangle using the sine function, which is a key objective.",multimodal,gpt-4o-mini
1038,1034_concept_1,explained_by,0.9,0.85,"The content includes applied problems using the Law of Sines, directly supporting the objective.",multimodal,gpt-4o-mini
1034,1035_concept_1,explained_by,0.9,0.85,"The content directly teaches the Law of Sines, which is essential for solving non-right triangles.",multimodal,gpt-4o-mini
1035,1035_concept_1,explained_by,1.0,0.9,"The content specifically focuses on using the Law of Sines to solve oblique triangles, aligning perfectly with the learning objective.",multimodal,gpt-4o-mini
1035,1036_concept_1,explained_by,0.9,0.9,"The content directly addresses the use of the Law of Sines to solve oblique triangles, providing examples and practice that support the learning objective.",multimodal,gpt-4o-mini
1036,1036_concept_1,explained_by,1.0,0.95,"The content is specifically about using the Law of Sines to solve SSA triangles, making it perfectly aligned with the learning objective.",multimodal,gpt-4o-mini
1037,1037_concept_1,explained_by,1.0,0.9,"The content is directly focused on finding the area of an oblique triangle using the sine function, which matches the learning objective perfectly.",multimodal,gpt-4o-mini
1034,1038_concept_1,explained_by,0.9,0.85,"The content provides a detailed example of applying the Law of Sines to solve a real-world problem, which directly supports the learning objective of understanding non-right triangles.",multimodal,gpt-4o-mini
1035,1038_concept_1,explained_by,0.9,0.85,"The example demonstrates the use of the Law of Sines to find unknown sides and angles in a triangle, aligning well with the objective of solving oblique triangles.",multimodal,gpt-4o-mini
1036,1038_concept_1,explained_by,0.9,0.85,"The content specifically addresses the SSA (Side-Side-Angle) scenario, which is a key application of the Law of Sines, thus supporting the learning objective.",multimodal,gpt-4o-mini
1038,1038_concept_1,explained_by,1.0,0.9,"The content is explicitly about solving applied problems using the Law of Sines, making it directly relevant to the learning objective.",multimodal,gpt-4o-mini
1039,1039_concept_1,explained_by,0.9,0.85,"The content introduces the Law of Cosines, which is essential for solving non-right triangles, directly supporting the learning objective.",multimodal,gpt-4o-mini
1040,1039_concept_1,explained_by,0.9,0.85,"The content focuses on using the Law of Cosines to solve oblique triangles, aligning well with the learning objective.",multimodal,gpt-4o-mini
1039,1040_concept_1,explained_by,1.0,0.95,"The content directly teaches the Law of Cosines, which is essential for understanding non-right triangles.",multimodal,gpt-4o-mini
1040,1040_concept_1,explained_by,1.0,0.95,"The content provides a comprehensive explanation of using the Law of Cosines to solve oblique triangles, aligning perfectly with the learning objective.",multimodal,gpt-4o-mini
1039,1041_concept_1,explained_by,1.0,0.9,"The content directly teaches the Law of Cosines and its applications, which aligns with the learning objective of understanding non-right triangles.",multimodal,gpt-4o-mini
1040,1041_concept_1,explained_by,1.0,0.9,"The content provides examples and practice using the Law of Cosines to solve oblique triangles, directly supporting the learning objective.",multimodal,gpt-4o-mini
1041,1041_concept_1,explained_by,1.0,0.9,"The content specifically focuses on solving applied problems using the Law of Cosines, which is the exact focus of the learning objective.",multimodal,gpt-4o-mini
1042,1042_concept_1,explained_by,1.0,0.95,"The content directly teaches Heron’s formula and provides examples and practice for finding the area of a triangle using this formula, which aligns perfectly with the learning objective.",multimodal,gpt-4o-mini
1043,1043_concept_1,explained_by,1.0,0.9,"The content provides an overview of polar coordinates, which directly supports the learning objective of understanding polar coordinates.",multimodal,gpt-4o-mini
1044,1043_concept_1,explained_by,1.0,0.9,"The content introduces the concept of plotting points using polar coordinates, directly aligning with the learning objective.",multimodal,gpt-4o-mini
1045,1043_concept_1,explained_by,1.0,0.9,"The content supports the conversion from polar to rectangular coordinates, which is a specified learning objective.",multimodal,gpt-4o-mini
1046,1043_concept_1,explained_by,1.0,0.9,"The content addresses the conversion from rectangular to polar coordinates, directly supporting the learning objective.",multimodal,gpt-4o-mini
1047,1043_concept_1,explained_by,1.0,0.9,"The content discusses transforming equations between polar and rectangular forms, which is a key learning objective.",multimodal,gpt-4o-mini
1048,1043_concept_1,explained_by,1.0,0.9,"The content prepares students to identify and graph polar equations by converting to rectangular equations, aligning with the learning objective.",multimodal,gpt-4o-mini
1044,1044_concept_1,explained_by,1.0,0.9,"The content specifically focuses on plotting points using polar coordinates, aligning perfectly with the learning objective.",multimodal,gpt-4o-mini
1043,1045_concept_1,explained_by,0.9,0.85,"The content provides a clear explanation of converting polar coordinates to rectangular coordinates, which directly supports understanding polar coordinates.",multimodal,gpt-4o-mini
1045,1045_concept_1,explained_by,1.0,0.9,"The content is specifically about converting from polar coordinates to rectangular coordinates, making it directly relevant.",multimodal,gpt-4o-mini
1046,1046_concept_1,explained_by,1.0,0.9,"The content directly addresses the process of converting from rectangular coordinates to polar coordinates, fully supporting this learning objective.",multimodal,gpt-4o-mini
1047,1047_concept_1,explained_by,1.0,0.9,"The content is specifically about transforming equations between polar and rectangular forms, directly supporting this learning objective.",multimodal,gpt-4o-mini
1045,1048_concept_1,explained_by,0.9,0.9,"The content directly addresses the conversion from polar to rectangular coordinates, aligning well with the learning objective.",multimodal,gpt-4o-mini
1047,1048_concept_1,explained_by,0.9,0.85,"The content thoroughly explains transforming equations between polar and rectangular forms, directly supporting the learning objective.",multimodal,gpt-4o-mini
1048,1048_concept_1,explained_by,1.0,0.95,"The content is specifically about identifying and graphing polar equations by converting to rectangular equations, perfectly aligning with the learning objective.",multimodal,gpt-4o-mini
1049,1049_concept_1,explained_by,0.9,0.85,"The content provides a foundational understanding of polar coordinates, which is essential for graphing polar equations.",multimodal,gpt-4o-mini
1051,1049_concept_1,explained_by,0.9,0.85,The content directly relates to graphing polar equations by explaining how to interpret polar coordinates and their application in plotting points.,multimodal,gpt-4o-mini
1050,1050_concept_1,explained_by,1.0,0.9,"The content directly teaches the concept of testing polar equations for symmetry, which aligns perfectly with the learning objective of understanding how to test polar equations for symmetry.",multimodal,gpt-4o-mini
1049,1051_concept_1,explained_by,0.9,0.85,"The content provides a detailed explanation of how to graph polar equations, including the construction of tables of values and the use of symmetry, which directly supports the learning objective of understanding polar coordinates and their graphs.",multimodal,gpt-4o-mini
1051,1051_concept_1,explained_by,1.0,0.9,"The content is explicitly focused on graphing polar equations by plotting points, which aligns perfectly with the learning objective of graphing polar equations.",multimodal,gpt-4o-mini
1049,1052_concept_1,explained_by,0.9,0.85,"The content provides a summary of various polar curves, which directly supports the understanding of graphs of polar coordinates.",multimodal,gpt-4o-mini
1052,1052_concept_1,explained_by,1.0,0.9,"The content is a direct summary of curves, aligning perfectly with the objective of summarizing polar curves.",multimodal,gpt-4o-mini
1053,1053_concept_1,explained_by,1.0,0.9,"The content directly teaches the concept of polar form of complex numbers, which is the main focus of the learning objective.",multimodal,gpt-4o-mini
1054,1053_concept_1,explained_by,1.0,0.9,The content supports the objective of plotting complex numbers in the complex plane as it discusses the mechanics of working with complex numbers.,multimodal,gpt-4o-mini
1055,1053_concept_1,explained_by,1.0,0.9,"The content provides the necessary concepts to find the absolute value of a complex number, aligning with the learning objective.",multimodal,gpt-4o-mini
1056,1053_concept_1,explained_by,1.0,0.9,"The content directly addresses writing complex numbers in polar form, which is explicitly stated in the learning objective.",multimodal,gpt-4o-mini
1057,1053_concept_1,explained_by,1.0,0.9,"The content prepares students for converting complex numbers from polar to rectangular form, which is a key learning objective.",multimodal,gpt-4o-mini
1058,1053_concept_1,explained_by,1.0,0.9,"The content supports finding products of complex numbers in polar form, as it discusses the mechanics of working with these numbers.",multimodal,gpt-4o-mini
1059,1053_concept_1,explained_by,1.0,0.9,"The content prepares students for finding quotients of complex numbers in polar form, aligning with the learning objective.",multimodal,gpt-4o-mini
1060,1053_concept_1,explained_by,1.0,0.9,"The content supports finding powers of complex numbers in polar form, as it covers the necessary concepts and mechanics.",multimodal,gpt-4o-mini
1061,1053_concept_1,explained_by,0.9,0.85,"The content directly addresses the mechanics of working with complex numbers in polar form, including finding roots, which aligns closely with the learning objective.",multimodal,gpt-4o-mini
1054,1054_concept_1,explained_by,1.0,0.9,"The content directly supports the learning objective of plotting complex numbers in the complex plane, as it provides a clear method and example.",multimodal,gpt-4o-mini
1055,1055_concept_1,explained_by,1.0,0.9,"The content directly teaches how to find the absolute value of a complex number, which is the focus of this learning objective.",multimodal,gpt-4o-mini
1053,1056_concept_1,explained_by,0.9,0.85,"The content directly teaches the concept of writing complex numbers in polar form, which aligns with the learning objective.",multimodal,gpt-4o-mini
1056,1056_concept_1,explained_by,1.0,0.9,"The content is explicitly about writing complex numbers in polar form, perfectly matching the learning objective.",multimodal,gpt-4o-mini
1057,1057_concept_1,explained_by,1.0,0.95,"The content directly teaches the process of converting a complex number from polar to rectangular form, which is exactly what the learning objective entails.",multimodal,gpt-4o-mini
1058,1058_concept_1,explained_by,1.0,0.95,"The content directly teaches the process of finding products of complex numbers in polar form, which aligns perfectly with the learning objective.",multimodal,gpt-4o-mini
1059,1059_concept_1,explained_by,1.0,0.95,"The content directly teaches the process of finding quotients of complex numbers in polar form, which aligns perfectly with the learning objective.",multimodal,gpt-4o-mini
1060,1060_concept_1,explained_by,1.0,0.95,"The content directly teaches the method of finding powers of complex numbers using De Moivre’s Theorem, which is the exact objective of the learning outcome.",multimodal,gpt-4o-mini
1061,1060_concept_1,explained_by,0.9,0.85,"The content on finding powers of complex numbers using De Moivre’s Theorem directly supports the learning objective of finding roots of complex numbers in polar form, as it provides the necessary concepts and examples related to polar representation and manipulation of complex numbers.",multimodal,gpt-4o-mini
1053,1061_concept_1,explained_by,0.9,0.85,"The content directly teaches the concept of finding roots of complex numbers in polar form, which is essential for understanding the polar form of complex numbers.",multimodal,gpt-4o-mini
1061,1061_concept_1,explained_by,1.0,0.95,"The content directly teaches the concepts and skills needed to find roots of complex numbers in polar form, which aligns perfectly with the learning objective.",multimodal,gpt-4o-mini
1062,1062_concept_1,explained_by,0.9,0.85,"The content provides a foundational understanding of parametric equations, which is essential for the learning objective of understanding parametric equations.",multimodal,gpt-4o-mini
1063,1062_concept_1,explained_by,0.9,0.85,"The content discusses parameterizing a curve, directly supporting the objective of learning how to parameterize curves.",multimodal,gpt-4o-mini
1064,1062_concept_1,explained_by,0.9,0.85,"The content mentions eliminating the parameter, which aligns with the learning objective of this process.",multimodal,gpt-4o-mini
1065,1062_concept_1,explained_by,0.9,0.85,"The content explains how to find rectangular equations from parametric equations, directly supporting the learning objective.",multimodal,gpt-4o-mini
1066,1062_concept_1,explained_by,0.9,0.85,"The content addresses finding parametric equations for curves defined by rectangular equations, which is aligned with the learning objective.",multimodal,gpt-4o-mini
1063,1063_concept_1,explained_by,0.9,0.85,"The content provides a thorough explanation of parameterizing curves, including definitions, examples, and the reasoning behind using parametric equations, which directly supports the learning objective of understanding how to parameterize a curve.",multimodal,gpt-4o-mini
1062,1064_concept_1,explained_by,0.9,0.85,"The content provides a thorough explanation of eliminating parameters in parametric equations, which directly supports understanding parametric equations.",multimodal,gpt-4o-mini
1064,1064_concept_1,explained_by,1.0,0.9,"The content is specifically focused on eliminating parameters, which is the core of this learning objective.",multimodal,gpt-4o-mini
1065,1064_concept_1,explained_by,0.9,0.85,"The content provides examples of converting parametric equations to Cartesian forms, directly aligning with finding Cartesian equations from parametric definitions.",multimodal,gpt-4o-mini
1064,1065_concept_1,explained_by,0.9,0.85,"The content directly teaches the method of eliminating the parameter to find Cartesian equations, which aligns closely with the learning objective.",multimodal,gpt-4o-mini
1065,1065_concept_1,explained_by,1.0,0.9,"The content is specifically about finding Cartesian equations from parametric equations, making it directly supportive of the learning objective.",multimodal,gpt-4o-mini
1066,1066_concept_1,explained_by,1.0,0.9,"The content directly teaches how to find parametric equations for curves defined by rectangular equations, which aligns perfectly with the learning objective.",multimodal,gpt-4o-mini
1067,1067_concept_1,explained_by,0.9,0.85,"The content discusses parametric equations and their application in modeling projectile motion, which directly supports the learning objective of graphing plane curves described by parametric equations.",multimodal,gpt-4o-mini
1067,1068_concept_1,explained_by,0.9,0.85,"The content provides a detailed explanation of how to graph parametric equations by plotting points, which directly supports the learning objective of understanding parametric equations and their graphs.",multimodal,gpt-4o-mini
1068,1068_concept_1,explained_by,1.0,0.9,"The content specifically focuses on graphing parametric equations by plotting points, aligning perfectly with the learning objective of graphing parametric equations.",multimodal,gpt-4o-mini
1069,1069_concept_1,explained_by,1.0,0.9,"The content directly addresses applications of parametric equations, making it highly relevant to the learning objective.",multimodal,gpt-4o-mini
1070,1070_concept_1,explained_by,0.9,0.85,"The content introduces vectors and their applications, which aligns well with the learning objective of understanding vectors.",multimodal,gpt-4o-mini
1079,1070_concept_1,explained_by,0.9,0.9,"The content involves finding the component form of a vector, as it describes the airplane's airspeed and wind vector, which directly relates to calculating the component form of vectors.",multimodal,gpt-4o-mini
1071,1071_concept_1,explained_by,1.0,0.9,"The content provides a comprehensive explanation of vectors, including their definition, representation, and properties, which directly supports the learning objective of understanding a geometric view of vectors.",multimodal,gpt-4o-mini
1079,1071_concept_1,explained_by,0.9,0.85,"The content teaches how to find the component form of a vector, which is essential for calculating direction.",multimodal,gpt-4o-mini
1070,1072_concept_1,explained_by,0.9,0.85,"The content provides a thorough explanation of finding the magnitude and direction of vectors, which directly supports the learning objective of understanding vectors.",multimodal,gpt-4o-mini
1072,1072_concept_1,explained_by,1.0,0.9,"The content is specifically focused on finding magnitude and direction, which directly matches the learning objective.",multimodal,gpt-4o-mini
1079,1072_concept_1,explained_by,0.9,0.85,"The content directly supports calculating the direction of a vector, which aligns well with the learning objective of calculating the component form of a vector based on direction.",multimodal,gpt-4o-mini
1070,1073_concept_1,explained_by,0.9,0.85,"The content directly teaches the concepts of vector addition and subtraction, which are fundamental to understanding vectors.",multimodal,gpt-4o-mini
1073,1073_concept_1,explained_by,1.0,0.9,"The content is specifically about performing vector addition and scalar multiplication, directly aligning with this learning objective.",multimodal,gpt-4o-mini
1073,1074_concept_1,explained_by,0.9,0.9,"The content directly supports performing vector addition and scalar multiplication, as it includes examples and solutions for these operations.",multimodal,gpt-4o-mini
1074,1074_concept_1,explained_by,1.0,0.95,"The content is specifically about multiplying by a scalar, making it directly relevant to this learning objective.",multimodal,gpt-4o-mini
1072,1075_concept_1,explained_by,0.9,0.9,"The content directly addresses finding the magnitude and direction of vectors, which is a key aspect of this learning objective.",multimodal,gpt-4o-mini
1075,1075_concept_1,explained_by,1.0,0.95,"The content is specifically about finding component form, making it directly aligned with this learning objective.",multimodal,gpt-4o-mini
1079,1075_concept_1,explained_by,0.9,0.85,"The content directly supports calculating the component form of a vector, including examples and practice.",multimodal,gpt-4o-mini
1076,1076_concept_1,explained_by,1.0,0.95,"The content directly teaches how to find the unit vector in the direction of a given vector, which aligns perfectly with the learning objective.",multimodal,gpt-4o-mini
1079,1076_concept_1,explained_by,0.9,0.9,"The content directly supports calculating the component form of a vector by explaining how to find a unit vector in the same direction, which involves understanding vector components.",multimodal,gpt-4o-mini
1073,1077_concept_1,explained_by,0.9,0.9,"The content directly addresses performing operations with vectors, specifically in terms of i and j.",multimodal,gpt-4o-mini
1075,1077_concept_1,explained_by,0.9,0.85,The content explicitly teaches how to find the component form of vectors in terms of i and j.,multimodal,gpt-4o-mini
1077,1077_concept_1,explained_by,1.0,0.95,"The content is specifically about performing operations with vectors in terms of i and j, making it directly relevant.",multimodal,gpt-4o-mini
1078,1077_concept_1,explained_by,0.9,0.85,"The content directly teaches how to perform operations with vectors in terms of i and j, which aligns well with the learning objective of performing operations on vectors.",multimodal,gpt-4o-mini
1077,1078_concept_1,explained_by,1.0,0.95,"The content directly teaches how to perform operations on vectors in terms of i and j, which aligns perfectly with the learning objective of performing operations with vectors.",multimodal,gpt-4o-mini
1073,1078_concept_1,explained_by,0.9,0.85,"The content provides a clear example of vector addition, which supports the learning objective of performing vector addition and scalar multiplication.",multimodal,gpt-4o-mini
1078,1078_concept_1,explained_by,1.0,0.9,"The content directly teaches how to perform operations on vectors in terms of i and j, which aligns perfectly with the learning objective.",multimodal,gpt-4o-mini
1075,1079_concept_1,explained_by,0.9,0.85,"The content directly teaches how to find the component form of a vector given its magnitude and direction, which aligns perfectly with the learning objective of finding component form.",multimodal,gpt-4o-mini
1079,1079_concept_1,explained_by,1.0,0.9,"The content directly teaches how to calculate the component form of a vector given its magnitude and direction, which aligns perfectly with the learning objective.",multimodal,gpt-4o-mini
1070,1080_concept_1,explained_by,0.9,0.85,"The content directly teaches the concept of finding the dot product of vectors, which is essential for understanding vectors.",multimodal,gpt-4o-mini
1080,1080_concept_1,explained_by,1.0,0.9,"The content directly teaches how to find the dot product of two vectors, which aligns perfectly with the learning objective.",multimodal,gpt-4o-mini
1217,1217_concept_1,explained_by,0.9,0.85,"The content provides a foundational understanding of functions, which is essential for the learning objective.",multimodal,gpt-4o-mini
1218,1217_concept_1,explained_by,0.9,0.85,"The content directly addresses determining whether a relation represents a function, aligning well with the learning objective.",multimodal,gpt-4o-mini
1219,1217_concept_1,explained_by,0.9,0.85,"The content supports finding input and output values of a function, which is a key aspect of the learning objective.",multimodal,gpt-4o-mini
1220,1217_concept_1,explained_by,0.9,0.85,"The content prepares students to determine whether a function is one-to-one, directly supporting the learning objective.",multimodal,gpt-4o-mini
1221,1217_concept_1,explained_by,0.9,0.85,"The content includes the vertical line test, which is essential for identifying functions, thus supporting the learning objective.",multimodal,gpt-4o-mini
1218,1218_concept_1,explained_by,1.0,0.95,"The content directly teaches how to determine whether a relation represents a function, providing definitions, examples, and a step-by-step method for classification.",multimodal,gpt-4o-mini
1217,1219_concept_1,explained_by,0.9,0.85,"The content provides a comprehensive overview of evaluating functions, which directly supports understanding functions and function notation.",multimodal,gpt-4o-mini
1219,1219_concept_1,explained_by,1.0,0.9,"The content explicitly focuses on finding input and output values of functions, directly aligning with this learning objective.",multimodal,gpt-4o-mini
1220,1220_concept_1,explained_by,1.0,0.95,"The content directly explains the concept of one-to-one functions, providing definitions, examples, and a detailed explanation of how to determine if a function is one-to-one, which aligns perfectly with the learning objective.",multimodal,gpt-4o-mini
1218,1221_concept_1,explained_by,1.0,0.9,The content directly supports determining whether a relation represents a function using the vertical line test.,multimodal,gpt-4o-mini
1221,1221_concept_1,explained_by,1.0,0.9,The content explicitly teaches how to use the vertical line test to determine if a graph represents a function.,multimodal,gpt-4o-mini
1220,1222_concept_1,explained_by,1.0,0.9,"The content directly teaches how to use the horizontal line test to determine if a function is one-to-one, which aligns perfectly with the learning objective of determining whether a function is one-to-one.",multimodal,gpt-4o-mini
1222,1222_concept_1,explained_by,1.0,0.9,"The content specifically focuses on using the horizontal line test, which is the exact topic of the learning objective.",multimodal,gpt-4o-mini
1223,1223_concept_1,explained_by,1.0,0.95,"The content directly teaches the identification of basic toolkit functions, including their names, formulas, graphs, and properties, which aligns perfectly with the learning objective.",multimodal,gpt-4o-mini
1224,1225_concept_1,explained_by,0.9,0.85,"The content provides a comprehensive overview of finding the domain of functions, which directly supports understanding domain and range.",multimodal,gpt-4o-mini
1225,1225_concept_1,explained_by,1.0,0.9,"The content specifically focuses on finding the domain of functions defined by equations, aligning perfectly with the learning objective.",multimodal,gpt-4o-mini
1224,1226_concept_1,explained_by,0.9,0.85,"The content provides a comprehensive explanation of using notations to specify domain and range, which directly supports understanding the concept of domain and range.",multimodal,gpt-4o-mini
1226,1226_concept_1,explained_by,1.0,0.9,"The content is explicitly about using notations to specify domain and range, making it perfectly aligned with this learning objective.",multimodal,gpt-4o-mini
1224,1227_concept_1,explained_by,1.0,0.9,"The content directly teaches the concepts of finding domain and range from graphs, which aligns perfectly with the learning objective.",multimodal,gpt-4o-mini
1227,1227_concept_1,explained_by,1.0,0.9,"The content is explicitly about finding domain and range from graphs, directly supporting this learning objective.",multimodal,gpt-4o-mini
1224,1228_concept_1,explained_by,1.0,0.9,"The content directly teaches the concepts of finding domains and ranges of various functions, which aligns perfectly with the learning objective.",multimodal,gpt-4o-mini
1225,1228_concept_1,explained_by,1.0,0.85,"The content provides a comprehensive explanation of how to determine the domain of functions defined by equations, supporting the learning objective.",multimodal,gpt-4o-mini
1227,1228_concept_1,explained_by,0.9,0.85,"The content includes examples and explanations that help in finding domains and ranges from graphs, aligning well with the learning objective.",multimodal,gpt-4o-mini
1228,1228_concept_1,explained_by,1.0,0.9,"The content is specifically about finding domains and ranges of toolkit functions, which directly supports the learning objective.",multimodal,gpt-4o-mini
1229,1229_concept_1,explained_by,1.0,0.9,"The content is directly focused on graphing piecewise-defined functions, making it highly relevant to the learning objective.",multimodal,gpt-4o-mini
1231,1231_concept_1,explained_by,1.0,0.9,"The content directly teaches how to find the average rate of change of a function, which aligns perfectly with the learning objective.",multimodal,gpt-4o-mini
1232,1232_concept_1,explained_by,1.0,0.9,"The content directly supports the objective of using a graph to determine where a function is increasing, decreasing, or constant.",multimodal,gpt-4o-mini
1232,1233_concept_1,explained_by,1.0,0.95,"The content directly supports determining where functions are increasing or decreasing, as it provides examples and analysis of various functions.",multimodal,gpt-4o-mini
1233,1233_concept_1,explained_by,1.0,0.95,"The content is specifically about analyzing toolkit functions for increasing or decreasing intervals, directly aligning with the learning objective.",multimodal,gpt-4o-mini
1234,1234_concept_1,explained_by,1.0,0.9,The content directly supports the learning objective of locating absolute maximum and minimum values from a graph.,multimodal,gpt-4o-mini
1235,1235_concept_1,explained_by,0.9,0.85,"The content provides a clear explanation of function composition, which directly supports the learning objective of understanding the composition of functions.",multimodal,gpt-4o-mini
1237,1235_concept_1,explained_by,0.9,0.85,"The content directly discusses creating a new function by composing two functions, aligning well with the learning objective.",multimodal,gpt-4o-mini
1238,1235_concept_1,explained_by,0.9,0.85,"The content includes evaluating composite functions, which is a key aspect of the learning objective.",multimodal,gpt-4o-mini
1236,1236_concept_1,explained_by,1.0,0.9,"The content directly teaches the concept of combining functions using algebraic operations, which aligns perfectly with the learning objective of combining functions.",multimodal,gpt-4o-mini
1235,1237_concept_1,explained_by,0.9,0.85,"The content provides a comprehensive explanation of function composition, which directly supports understanding the concept of Composition of Functions.",multimodal,gpt-4o-mini
1237,1237_concept_1,explained_by,1.0,0.9,"The content explicitly describes how to create a function through composition, directly aligning with the learning objective.",multimodal,gpt-4o-mini
1238,1238_concept_1,explained_by,1.0,0.95,"The content directly teaches how to evaluate composite functions using tables, graphs, and formulas, which aligns perfectly with the learning objective of evaluating composite functions.",multimodal,gpt-4o-mini
1235,1239_concept_1,explained_by,0.9,0.85,"The content provides a thorough explanation of finding the domain of composite functions, which directly supports the learning objective of understanding composition of functions.",multimodal,gpt-4o-mini
1239,1239_concept_1,explained_by,1.0,0.9,"The content is explicitly about finding the domain of composite functions, which perfectly aligns with this learning objective.",multimodal,gpt-4o-mini
1867,1867_example_1,exemplified_by,0.9,0.85,"The content provides examples of evaluating functions and substituting values, which directly supports understanding functions.",multimodal,gpt-4o-mini
1867,1867_example_2,exemplified_by,0.9,0.85,"The content provides examples of evaluating functions and substituting values, which directly supports understanding functions.",multimodal,gpt-4o-mini
1867,1867_example_3,exemplified_by,0.9,0.85,"The content provides examples of evaluating functions and substituting values, which directly supports understanding functions.",multimodal,gpt-4o-mini
1867,1867_example_4,exemplified_by,0.9,0.85,"The content provides a thorough explanation of determining the domain and range of functions, which directly supports the learning objective of understanding functions.",multimodal,gpt-4o-mini
1867,1867_example_5,exemplified_by,0.9,0.85,"The content provides examples and practice in determining the domain and range of functions, which directly supports the learning objective of understanding functions.",multimodal,gpt-4o-mini
1867,1867_example_6,exemplified_by,0.9,0.85,"The content provides a clear explanation of how to determine the domain and range of functions, which directly supports the learning objective of understanding functions.",multimodal,gpt-4o-mini
1867,1867_try_it_1,practiced_by,0.9,0.85,"The content provides practice in evaluating functions, which directly supports the learning objective of understanding functions.",multimodal,gpt-4o-mini
1867,1867_try_it_2,practiced_by,0.9,0.85,"The content provides a thorough exploration of finding the domain and range of functions, which directly supports the learning objective of understanding functions.",multimodal,gpt-4o-mini
1867,1868_example_2,exemplified_by,0.9,0.85,"The content provides a clear example of finding the y-intercept of a function, which directly supports the learning objective of understanding functions.",multimodal,gpt-4o-mini
1867,1868_example_3,exemplified_by,0.9,0.85,"The content provides a clear example of a linear function and its graph, which directly supports understanding functions.",multimodal,gpt-4o-mini
1867,1868_example_4,exemplified_by,0.9,0.85,"The content directly teaches the concept of finding zeros of a function, which is essential for understanding functions.",multimodal,gpt-4o-mini
1867,1868_example_5,exemplified_by,0.9,0.85,"The content provides a clear example of finding the y-intercept of a function, which directly supports the learning objective of understanding functions.",multimodal,gpt-4o-mini
1867,1868_example_6,exemplified_by,0.9,0.85,"The content provides a clear example of graphing a function and determining its domain, which directly supports understanding functions.",multimodal,gpt-4o-mini
1867,1868_example_7,exemplified_by,0.9,0.85,"The content provides a clear example of determining the domain of a function based on a real-world scenario, which directly supports understanding functions.",multimodal,gpt-4o-mini
1867,1868_example_8,exemplified_by,0.9,0.85,"The content provides a clear example of a function and its graph, which supports understanding of functions.",multimodal,gpt-4o-mini
1868,1868_example_8,exemplified_by,0.9,0.85,"The content illustrates how to represent a function graphically, which aligns with the objective of representing functions.",multimodal,gpt-4o-mini
1867,1868_try_it_1,practiced_by,0.9,0.85,"The content directly teaches the concept of finding zeros of polynomial functions, which aligns with the learning objective of understanding functions.",multimodal,gpt-4o-mini
1869,1869_example_1,exemplified_by,0.9,0.9,"The content directly teaches how to combine functions through addition, which is the main focus of the learning objective.",multimodal,gpt-4o-mini
1867,1869_example_10,exemplified_by,0.9,0.85,"The content provides examples of functions and their domains and ranges, which directly supports understanding of functions.",multimodal,gpt-4o-mini
1869,1869_example_10,exemplified_by,0.9,0.9,"The content focuses on combining functions through composition, which is directly relevant to the learning objective.",multimodal,gpt-4o-mini
1867,1869_example_11,exemplified_by,0.9,0.85,"The content provides examples of evaluating functions and understanding function notation, which directly supports the learning objective of understanding functions.",multimodal,gpt-4o-mini
1869,1869_example_11,exemplified_by,0.9,0.85,"The content demonstrates combining functions through composition, which is directly relevant to the learning objective of combining functions.",multimodal,gpt-4o-mini
1867,1869_example_12,exemplified_by,0.9,0.85,"The content provides examples and practice related to the concept of functions, specifically focusing on the domain and range, which directly supports the learning objective of understanding functions.",multimodal,gpt-4o-mini
1869,1869_example_12,exemplified_by,0.9,0.85,"The content discusses the composition of functions and finding the range of composed functions, which directly supports the learning objective of combining functions.",multimodal,gpt-4o-mini
1867,1869_example_13,exemplified_by,0.9,0.85,"The content provides a clear example of applying composite functions in a real-world context, which directly supports the understanding of functions.",multimodal,gpt-4o-mini
1869,1869_example_13,exemplified_by,0.9,0.85,"The content demonstrates combining functions through the calculation of final prices after applying discounts, which directly supports the learning objective.",multimodal,gpt-4o-mini
1869,1869_example_2,exemplified_by,1.0,0.95,"The content provides examples and practice on combining functions through subtraction, which directly supports the learning objective of combining functions.",multimodal,gpt-4o-mini
1867,1869_example_3,exemplified_by,0.9,0.85,"The content provides examples of finding and expanding functions, which directly supports the learning objective of understanding functions.",multimodal,gpt-4o-mini
1869,1869_example_3,exemplified_by,1.0,0.9,"The content explicitly demonstrates combining functions through multiplication and expansion, directly supporting the learning objective.",multimodal,gpt-4o-mini
1867,1869_example_4,exemplified_by,0.9,0.85,"The content provides examples of finding the domain of functions, which directly supports the learning objective of understanding functions.",multimodal,gpt-4o-mini
1869,1869_example_4,exemplified_by,0.9,0.9,"The content focuses on combining functions and determining their domains, which is essential for the learning objective of combining functions.",multimodal,gpt-4o-mini
1867,1869_example_5,exemplified_by,0.9,0.85,"The content provides a clear example of function composition and discusses the domain and range, which are essential concepts in understanding functions.",multimodal,gpt-4o-mini
1869,1869_example_5,exemplified_by,0.9,0.85,"The content directly involves combining functions through composition, which is a key aspect of the learning objective.",multimodal,gpt-4o-mini
1867,1869_example_6,exemplified_by,0.9,0.85,"The content provides examples and practice on evaluating functions and understanding function composition, which directly supports the learning objective of understanding functions.",multimodal,gpt-4o-mini
1869,1869_example_6,exemplified_by,1.0,0.9,"The content focuses on the composition of functions, which is a key aspect of combining functions, thus directly supporting the learning objective.",multimodal,gpt-4o-mini
1867,1869_example_7,exemplified_by,0.9,0.85,"The content provides examples and practice on function composition, which is a key concept in understanding functions.",multimodal,gpt-4o-mini
1869,1869_example_7,exemplified_by,1.0,0.9,"The content directly addresses combining functions through composition, providing clear examples and practice.",multimodal,gpt-4o-mini
1867,1869_example_8,exemplified_by,0.9,0.85,"The content provides examples and practice on evaluating functions and understanding function composition, which directly supports the learning objective of understanding functions.",multimodal,gpt-4o-mini
1869,1869_example_8,exemplified_by,1.0,0.9,"The content focuses on the composition of functions, providing direct examples and practice that support the learning objective of combining functions.",multimodal,gpt-4o-mini
1867,1869_example_9,exemplified_by,0.9,0.85,"The content provides examples of evaluating functions and understanding function notation, which directly supports the learning objective of understanding functions.",multimodal,gpt-4o-mini
1869,1869_example_9,exemplified_by,0.9,0.85,"The content demonstrates combining functions through composition, which is directly relevant to the learning objective of combining functions.",multimodal,gpt-4o-mini
1867,1869_try_it_1,practiced_by,0.9,0.85,"The content directly teaches the concept of finding the domain of a function, which is essential for understanding functions.",multimodal,gpt-4o-mini
1869,1869_try_it_2,practiced_by,0.9,0.95,"The content focuses on combining functions through composition, which is directly relevant to the learning objective.",multimodal,gpt-4o-mini
1867,1869_try_it_3,practiced_by,0.9,0.85,"The content teaches how to calculate sale prices and final prices using functions, which directly supports understanding of functions.",multimodal,gpt-4o-mini
1869,1869_try_it_3,practiced_by,0.9,0.85,"The content demonstrates combining functions to find the final price after applying discounts, which directly supports the objective of combining functions.",multimodal,gpt-4o-mini
1870,1870_example_1,exemplified_by,0.9,0.95,"The content explicitly discusses the symmetry of functions by evaluating whether they are even or odd, which aligns perfectly with this learning objective.",multimodal,gpt-4o-mini
1867,1870_example_2,exemplified_by,0.9,0.85,"The content provides a clear example of determining whether functions are even, odd, or neither, which directly supports the learning objective of understanding functions.",multimodal,gpt-4o-mini
1870,1870_example_2,exemplified_by,1.0,0.9,"The content directly addresses the symmetry of functions by determining if they are even, odd, or neither, which is the core of the learning objective.",multimodal,gpt-4o-mini
1867,1870_example_3,exemplified_by,0.9,0.85,"The content provides a clear example of determining whether a function is even, odd, or neither, which directly supports the understanding of functions.",multimodal,gpt-4o-mini
1870,1870_example_3,exemplified_by,1.0,0.9,"The content directly addresses the symmetry of functions by determining if they are even or odd, which is a key aspect of this learning objective.",multimodal,gpt-4o-mini
1867,1870_example_4,exemplified_by,0.9,0.85,"The content provides examples and practice in finding the domain and range of absolute value functions, which directly supports understanding functions.",multimodal,gpt-4o-mini
1867,1870_try_it_1,practiced_by,0.9,0.85,"The content directly teaches the concept of determining whether a function is even, odd, or neither, which is essential for understanding functions.",multimodal,gpt-4o-mini
1870,1870_try_it_1,practiced_by,0.9,0.85,"The content explicitly addresses the symmetry of functions by determining if they are even or odd, which aligns well with the learning objective.",multimodal,gpt-4o-mini
1867,1870_try_it_2,practiced_by,0.9,0.85,"The content provides practice in finding the domain and range of absolute value functions, which directly supports understanding functions.",multimodal,gpt-4o-mini
1872,1872_example_1,exemplified_by,1.0,0.9,"The content directly teaches the concept of finding the slope of a line using two points, which is essential for understanding linear functions.",multimodal,gpt-4o-mini
1872,1872_example_2,exemplified_by,0.9,0.85,"The content provides a clear example of finding the slope of a line and using it to write the equation in point-slope form, which directly supports the learning objective related to linear functions and slope.",multimodal,gpt-4o-mini
1872,1872_example_3,exemplified_by,0.9,0.85,"The content provides examples and practice for finding the slope of a line and converting between point-slope and slope-intercept forms, which directly supports the learning objectives related to linear functions and slope.",multimodal,gpt-4o-mini
1872,1872_example_4,exemplified_by,1.0,0.9,"The content directly teaches the concept of linear functions and slope, providing examples and practice that align with the learning objectives related to understanding linear relationships.",multimodal,gpt-4o-mini
1872,1872_try_it_1,practiced_by,1.0,0.95,"The content directly teaches the concepts of finding the slope of a line and writing equations in point-slope and slope-intercept forms, which are essential for understanding linear functions.",multimodal,gpt-4o-mini
1873,1873_example_1,exemplified_by,0.9,0.85,"The content provides examples and practice related to the behavior of quadratic functions, which is a key aspect of polynomial functions.",multimodal,gpt-4o-mini
1873,1873_example_2,exemplified_by,1.0,0.95,"The content directly addresses the behavior of polynomial functions, finding zeros, and sketching graphs, which aligns perfectly with the learning objectives related to polynomials.",multimodal,gpt-4o-mini
1873,1873_example_3,exemplified_by,0.9,0.85,"The content involves polynomial functions, specifically a quadratic function, which aligns well with the learning objective.",multimodal,gpt-4o-mini
1873,1873_try_it_1,practiced_by,0.9,0.85,"The content provides a thorough explanation of finding zeros of quadratic functions using the quadratic formula, which directly supports understanding polynomials.",multimodal,gpt-4o-mini
1873,1874_example_3,exemplified_by,0.9,0.85,"The content provides examples and practice on determining the domain of polynomial functions, which is directly relevant to the learning objective.",multimodal,gpt-4o-mini
1874,1874_example_5,exemplified_by,0.9,0.85,"The content directly teaches how to determine the domain of algebraic functions, specifically those involving square roots, which is essential for understanding algebraic functions.",multimodal,gpt-4o-mini
1874,1874_example_6,exemplified_by,0.9,0.85,"The content provides examples and practice in determining the domain of cube root functions, which directly supports the learning objective related to algebraic functions.",multimodal,gpt-4o-mini
1874,1874_try_it_2,practiced_by,0.9,0.85,"The content provides practice in finding the domain of algebraic functions, which directly supports the learning objective of understanding algebraic functions.",multimodal,gpt-4o-mini
1874,1875_example_1,exemplified_by,0.9,0.85,"The content directly teaches the classification of algebraic functions, which aligns perfectly with the learning objective.",multimodal,gpt-4o-mini
1874,1875_example_2,exemplified_by,0.9,0.85,"The content directly addresses the classification of algebraic functions, providing definitions and examples that support the learning objective.",multimodal,gpt-4o-mini
1875,1875_example_2,exemplified_by,0.9,0.85,"The content focuses on transcendental functions, providing definitions and examples that directly support the learning objective.",multimodal,gpt-4o-mini
1874,1875_example_3,exemplified_by,0.9,0.85,The content directly supports the understanding of algebraic functions by contrasting them with transcendental functions.,multimodal,gpt-4o-mini
1875,1875_example_3,exemplified_by,1.0,0.9,"The content is focused on identifying and classifying transcendental functions, which is the main objective of this learning outcome.",multimodal,gpt-4o-mini
1874,1875_try_it_1,practiced_by,0.9,0.85,"The content provides clear examples and explanations of algebraic functions, which directly supports the learning objective of understanding algebraic functions.",multimodal,gpt-4o-mini
1876,1876_example_1,exemplified_by,1.0,0.9,"The content directly teaches how to graph piecewise-defined functions, which is the focus of the learning objective.",multimodal,gpt-4o-mini
1876,1876_example_2,exemplified_by,1.0,0.95,"The content directly teaches the concept of piecewise-defined functions, providing examples and practice related to their definition and graphical representation.",multimodal,gpt-4o-mini
1876,1876_try_it_1,practiced_by,1.0,0.9,"The content directly teaches how to graph piecewise-defined functions, which is the focus of the learning objective.",multimodal,gpt-4o-mini
1876,1876_try_it_2,practiced_by,0.9,0.85,"The content provides a clear example of a piecewise-defined function, which directly supports the learning objective of understanding piecewise-defined functions.",multimodal,gpt-4o-mini
1877,1877_example_1,exemplified_by,1.0,0.95,"The content directly teaches the concept of transformations of functions, providing examples and practice related to the learning objective.",multimodal,gpt-4o-mini
1877,1877_example_2,exemplified_by,1.0,0.95,"The content directly teaches the concept of transformations of functions, providing examples and practice related to the transformations of the square root function.",multimodal,gpt-4o-mini
1877,1877_try_it_1,practiced_by,1.0,0.95,"The content focuses on transformations of functions, specifically how to graph quadratic functions through transformations of the parent function y = x^2.",multimodal,gpt-4o-mini
1879,1879_example_1,exemplified_by,0.9,0.85,"The content directly teaches the conversion of degrees to radians, which is essential for understanding radian measure in trigonometric functions.",multimodal,gpt-4o-mini
1879,1879_example_2,exemplified_by,0.9,0.85,"The content provides a clear example of converting radians to degrees, which directly supports understanding of radian measure.",multimodal,gpt-4o-mini
1879,1879_try_it_1,practiced_by,0.9,0.85,"The content directly teaches the conversion between degrees and radians, which is essential for understanding radian measure in trigonometric functions.",multimodal,gpt-4o-mini
1879,1880_example_1,exemplified_by,0.9,0.85,"The content provides examples of evaluating sine values using the unit circle, which directly supports understanding radian measure.",multimodal,gpt-4o-mini
1880,1880_example_1,exemplified_by,0.9,0.85,"The content illustrates the sine function as one of the six basic trigonometric functions, reinforcing its definition and application.",multimodal,gpt-4o-mini
1879,1880_example_2,exemplified_by,0.9,0.85,"The content provides examples of evaluating cosine for negative angles, which directly supports understanding radian measure in trigonometric functions.",multimodal,gpt-4o-mini
1880,1880_example_2,exemplified_by,0.9,0.85,"The content focuses on evaluating the cosine function, which is a fundamental aspect of the six basic trigonometric functions.",multimodal,gpt-4o-mini
1879,1880_example_3,exemplified_by,0.9,0.85,"The content directly teaches the evaluation of trigonometric functions using radian measure, which is essential for understanding the unit circle and the tangent function.",multimodal,gpt-4o-mini
1880,1880_example_4,exemplified_by,1.0,0.9,"The content directly supports the understanding of the six basic trigonometric functions, particularly sine, as it explains how to use it in real-world scenarios.",multimodal,gpt-4o-mini
1879,1880_try_it_1,practiced_by,0.9,0.85,"The content directly teaches the evaluation of sine and cosine functions using the unit circle, which is essential for understanding radian measure.",multimodal,gpt-4o-mini
1880,1880_try_it_1,practiced_by,0.9,0.85,"The content provides examples of the six basic trigonometric functions, specifically sine and cosine, and their values at specific angles on the unit circle.",multimodal,gpt-4o-mini
1879,1880_try_it_2,practiced_by,0.9,0.85,"The content provides a practical application of radian measure and trigonometric functions in the context of a right triangle formed by the ladder, wall, and ground.",multimodal,gpt-4o-mini
1880,1880_try_it_2,practiced_by,0.9,0.85,"The content directly involves the six basic trigonometric functions, particularly cosine, in solving problems related to right triangles.",multimodal,gpt-4o-mini
1881,1881_example_1,exemplified_by,0.9,0.85,"The content provides examples and practice using trigonometric identities, specifically the double-angle formula, which directly supports the learning objective of understanding and applying trigonometric identities.",multimodal,gpt-4o-mini
1881,1881_example_2,exemplified_by,0.9,0.85,"The content provides a detailed example of using trigonometric identities to solve equations, which directly supports the learning objective of understanding and applying trigonometric identities.",multimodal,gpt-4o-mini
1881,1881_try_it_1,practiced_by,0.9,0.85,"The content provides a detailed explanation of using trigonometric identities, specifically the double-angle formula for cosine, to solve the equation, which directly supports the learning objective of understanding and applying trigonometric identities.",multimodal,gpt-4o-mini
1881,1881_try_it_2,practiced_by,0.9,0.85,"The content directly teaches and provides examples of proving trigonometric identities, which is the focus of the learning objective.",multimodal,gpt-4o-mini
1882,1882_example_1,exemplified_by,0.9,0.85,"The content provides a specific example of graphing a trigonometric function, which directly supports understanding the graphs and periods of trigonometric functions.",multimodal,gpt-4o-mini
1882,1882_try_it_1,practiced_by,0.9,0.85,"The content directly teaches the transformations of the sine function, which is essential for understanding the graphs and periods of trigonometric functions.",multimodal,gpt-4o-mini
1884,1884_example_1,exemplified_by,0.9,0.85,"The content directly teaches the concept of the horizontal line test, which is essential for determining the existence of an inverse function.",multimodal,gpt-4o-mini
1884,1884_example_2,exemplified_by,0.9,0.85,"The content directly supports the understanding of one-to-one functions, which is essential for determining the existence of an inverse function.",multimodal,gpt-4o-mini
1885,1884_example_2,exemplified_by,0.9,0.85,"Understanding one-to-one functions is crucial for finding a function's inverse, as only one-to-one functions have inverses.",multimodal,gpt-4o-mini
1884,1884_try_it_1,practiced_by,0.9,0.85,"The content directly teaches the concept of one-to-one functions, which is essential for understanding the existence of an inverse function.",multimodal,gpt-4o-mini
1884,1885_example_1,exemplified_by,0.9,0.85,"The content provides a clear example of finding the inverse of a function, which directly supports the learning objective of understanding the existence of an inverse function.",multimodal,gpt-4o-mini
1885,1885_example_1,exemplified_by,0.9,0.85,"The content includes multiple examples and practice problems related to finding a function's inverse, aligning well with the learning objective.",multimodal,gpt-4o-mini
1884,1885_example_2,exemplified_by,0.9,0.85,"The content provides a clear explanation of how to find the inverse of a function and discusses the properties of inverse functions, which directly supports the learning objective of understanding the existence of an inverse function.",multimodal,gpt-4o-mini
1884,1885_example_3,exemplified_by,0.9,0.85,"The content discusses the horizontal line test, which is essential for determining the existence of an inverse function, as a function must be one-to-one to have an inverse.",multimodal,gpt-4o-mini
1884,1885_example_4,exemplified_by,0.9,0.85,"The content provides a clear explanation of what it means for a function to be one-to-one and demonstrates how to find the inverse function, which directly supports the learning objective of understanding the existence of an inverse function.",multimodal,gpt-4o-mini
1885,1885_example_4,exemplified_by,0.9,0.85,"The content includes examples and practice problems that guide students through the process of finding a function's inverse, aligning well with the learning objective.",multimodal,gpt-4o-mini
1884,1885_try_it_1,practiced_by,0.9,0.85,"The content provides a clear method for finding the inverse of a function, which directly supports the learning objective of understanding the existence of an inverse function.",multimodal,gpt-4o-mini
1885,1885_try_it_1,practiced_by,0.9,0.85,"The content includes examples and practice on finding the inverse of functions, which aligns well with the objective of finding a function's inverse.",multimodal,gpt-4o-mini
1884,1885_try_it_2,practiced_by,0.9,0.85,"The content provides a clear explanation of how to graph a function and its inverse, which directly supports understanding the existence of an inverse function.",multimodal,gpt-4o-mini
1884,1885_try_it_3,practiced_by,0.9,0.85,"The content discusses the concept of one-to-one functions and verifies that a specific function is one-to-one, which directly supports the learning objective of understanding the existence of an inverse function.",multimodal,gpt-4o-mini
1885,1885_try_it_3,practiced_by,0.9,0.85,"The content provides a detailed process for finding the inverse of a function, including determining the domain and range of the inverse, which aligns well with the learning objective of finding a function's inverse.",multimodal,gpt-4o-mini
1884,1886_example_2,exemplified_by,0.9,0.85,"The content provides examples and practice related to the properties of inverse functions, specifically the relationship between tangent and its inverse.",multimodal,gpt-4o-mini
1886,1886_example_2,exemplified_by,1.0,0.9,"The content directly addresses inverse trigonometric functions, providing examples and practice that align perfectly with the learning objective.",multimodal,gpt-4o-mini
1886,1886_example_3,exemplified_by,0.9,0.9,"The content directly addresses the evaluation of inverse trigonometric functions, providing clear examples and practice that align well with the learning objective.",multimodal,gpt-4o-mini
1884,1886_example_4,exemplified_by,0.9,0.85,"The content provides examples and practice related to the evaluation of inverse trigonometric functions, which directly supports the understanding of the existence of an inverse function.",multimodal,gpt-4o-mini
1886,1886_example_4,exemplified_by,1.0,0.9,"The content directly addresses the evaluation of inverse trigonometric functions, providing clear examples and practice that support this learning objective.",multimodal,gpt-4o-mini
1888,1888_example_1,exemplified_by,0.9,0.85,"The content provides examples of exponential growth, which directly supports understanding exponential functions.",multimodal,gpt-4o-mini
1888,1888_try_it_1,practiced_by,0.9,0.85,"The content provides practice in evaluating exponential functions, which directly supports the learning objective of understanding exponential functions.",multimodal,gpt-4o-mini
1888,1889_example_1,exemplified_by,0.9,0.85,"The content provides a clear example of how to apply the formula for continuous compounding, which is a key concept in exponential functions.",multimodal,gpt-4o-mini
1888,1889_try_it_1,practiced_by,0.9,0.85,"The content provides a clear explanation and application of the formula for continuous compound interest, which is a key concept in exponential functions.",multimodal,gpt-4o-mini
1888,1890_example_1,exemplified_by,1.0,0.95,"The content provides examples and practice in solving exponential equations using logarithms, which directly supports the learning objective of understanding exponential functions.",multimodal,gpt-4o-mini
1890,1890_example_1,exemplified_by,1.0,0.9,The content directly supports the learning objective of logarithmic functions by demonstrating how to apply logarithms to solve exponential equations.,multimodal,gpt-4o-mini
1888,1890_example_2,exemplified_by,0.9,0.85,"The content provides practice in solving equations involving exponential functions, which directly supports the learning objective of understanding exponential functions.",multimodal,gpt-4o-mini
1889,1890_example_2,exemplified_by,0.9,0.85,"The content includes examples and practice related to the number e, which is essential for understanding exponential equations and their solutions.",multimodal,gpt-4o-mini
1888,1890_example_3,exemplified_by,0.9,0.85,"The content provides practice in solving equations involving exponential functions, which directly supports the learning objective of understanding exponential functions.",multimodal,gpt-4o-mini
1889,1890_example_3,exemplified_by,0.9,0.85,"The content includes examples that illustrate the properties of the number e, particularly in the context of solving equations, aligning well with the learning objective.",multimodal,gpt-4o-mini
1890,1890_example_3,exemplified_by,0.9,0.85,"The content focuses on logarithmic equations and their exponential forms, which directly supports the learning objective related to logarithmic functions.",multimodal,gpt-4o-mini
1890,1890_example_4,exemplified_by,0.9,0.85,"The content directly teaches and provides practice on logarithmic functions, which are a key component of the learning objectives related to logarithmic functions.",multimodal,gpt-4o-mini
1890,1890_example_5,exemplified_by,0.9,0.95,"The content directly addresses logarithmic functions, including their properties and applications in solving equations.",multimodal,gpt-4o-mini
1890,1890_example_6,exemplified_by,0.9,0.85,"The content directly teaches and provides practice on logarithmic functions, specifically the change-of-base formula.",multimodal,gpt-4o-mini
1890,1890_example_7,exemplified_by,0.9,0.9,"The content directly teaches logarithmic functions and their application in real-world scenarios, which is the focus of the Logarithmic Functions unit.",multimodal,gpt-4o-mini
1888,1890_try_it_1,practiced_by,0.9,0.85,"The content provides practice in solving equations involving exponential functions, which directly supports the learning objective of understanding exponential functions.",multimodal,gpt-4o-mini
1889,1890_try_it_1,practiced_by,0.9,0.85,"The content involves the number e and its properties, which is essential for understanding the learning objective related to the number e.",multimodal,gpt-4o-mini
1889,1890_try_it_2,practiced_by,0.9,0.95,"The content directly addresses the natural logarithm and its relationship with the number e, which is essential for understanding the concept of e.",multimodal,gpt-4o-mini
1890,1890_try_it_2,practiced_by,1.0,0.95,"The content focuses on logarithmic functions, including their properties and solving logarithmic equations, which aligns perfectly with the learning objective.",multimodal,gpt-4o-mini
1890,1890_try_it_3,practiced_by,0.9,0.85,"The content directly teaches the change-of-base formula and provides practice in evaluating logarithmic expressions, which is essential for understanding logarithmic functions.",multimodal,gpt-4o-mini
1890,1890_try_it_4,practiced_by,0.9,0.9,"The content directly addresses logarithmic functions and their application in comparing earthquake magnitudes, which is central to the learning objective on logarithmic functions.",multimodal,gpt-4o-mini
1891,1891_example_1,exemplified_by,0.9,0.9,"The content directly addresses hyperbolic functions, providing definitions and simplifications that are essential for understanding this topic.",multimodal,gpt-4o-mini
1891,1891_example_2,exemplified_by,1.0,0.95,"The content provides examples and practice related to hyperbolic functions, which directly supports the learning objective focused on hyperbolic functions.",multimodal,gpt-4o-mini
1891,1891_example_3,exemplified_by,0.9,0.85,"The content directly involves the evaluation of the inverse hyperbolic tangent function, which is a key concept in hyperbolic functions, providing both definition and application.",multimodal,gpt-4o-mini
1891,1891_try_it_1,practiced_by,0.9,0.85,"The content directly addresses hyperbolic functions and their definitions, making it highly relevant to this learning objective.",multimodal,gpt-4o-mini
1891,1891_try_it_2,practiced_by,0.9,0.85,"The content directly teaches the definition and evaluation of the inverse hyperbolic tangent function, which is a key concept in hyperbolic functions.",multimodal,gpt-4o-mini
1893,1893_example_1,exemplified_by,0.9,0.85,"The content provides examples and practice related to estimating the slope of tangent lines, which directly supports the learning objective of understanding the tangent problem in differential calculus.",multimodal,gpt-4o-mini
1893,1893_example_2,exemplified_by,0.9,0.85,"The content provides a practical example of calculating average velocity, which directly supports understanding the tangent problem and differential calculus concepts.",multimodal,gpt-4o-mini
1893,1893_try_it_1,practiced_by,0.9,0.85,"The content directly teaches the concept of estimating the slope of the tangent line using secant lines, which is fundamental for understanding the tangent problem in differential calculus.",multimodal,gpt-4o-mini
1893,1893_try_it_2,practiced_by,0.9,0.85,"The content provides a practical example of estimating instantaneous velocity, which directly relates to the concepts of limits and derivatives in calculus, supporting the learning objective.",multimodal,gpt-4o-mini
1894,1894_example_1,exemplified_by,0.9,0.85,"The content directly supports the concept of estimating area under a curve using rectangles, which is a fundamental aspect of integral calculus.",multimodal,gpt-4o-mini
1894,1894_try_it_1,practiced_by,0.9,0.85,"The content directly supports the area problem and integral calculus by demonstrating how to estimate the area under a curve using rectangles, which is a fundamental concept in integral calculus.",multimodal,gpt-4o-mini
1897,1897_example_1,exemplified_by,0.9,0.85,"The content provides an intuitive understanding of limits through examples and practical applications, which aligns well with the learning objective.",multimodal,gpt-4o-mini
1897,1897_example_2,exemplified_by,0.9,0.85,"The content provides a clear example of evaluating a limit using a table of functional values, which directly supports the intuitive understanding of limits.",multimodal,gpt-4o-mini
1897,1897_example_3,exemplified_by,0.9,0.85,"The content provides an intuitive understanding of limits, which directly supports the learning objective of defining limits.",multimodal,gpt-4o-mini
1897,1897_try_it_1,practiced_by,0.9,0.85,"The content provides a practical example of estimating a limit using a table of functional values, which aligns well with the intuitive understanding of limits.",multimodal,gpt-4o-mini
1897,1897_try_it_2,practiced_by,0.9,0.85,"The content provides an intuitive understanding of limits, which directly supports the learning objective of understanding the definition of a limit.",multimodal,gpt-4o-mini
1897,1898_example_1,exemplified_by,0.9,0.85,The content provides an intuitive understanding of limits through examples and the behavior of the function as it approaches a point.,multimodal,gpt-4o-mini
1898,1898_example_1,exemplified_by,0.9,0.85,The content discusses the existence of limits and provides examples that illustrate when limits do not exist.,multimodal,gpt-4o-mini
1897,1898_try_it_1,practiced_by,0.9,0.85,"The content provides a practical example of evaluating a limit, which directly supports the intuitive understanding of limits.",multimodal,gpt-4o-mini
1899,1898_try_it_1,practiced_by,0.9,0.9,"The content explicitly discusses left-hand and right-hand limits, which is central to understanding one-sided limits.",multimodal,gpt-4o-mini
1897,1899_example_1,exemplified_by,0.9,0.85,"The content provides examples and practice related to evaluating limits, which supports the intuitive understanding of limits.",multimodal,gpt-4o-mini
1899,1899_example_1,exemplified_by,1.0,0.9,"The content explicitly covers one-sided limits, providing examples and practice that directly support this learning objective.",multimodal,gpt-4o-mini
1897,1899_try_it_1,practiced_by,0.9,0.85,"The content provides a practical example of estimating limits, which directly supports the intuitive understanding of limits.",multimodal,gpt-4o-mini
1899,1899_try_it_1,practiced_by,1.0,0.9,"The content explicitly focuses on one-sided limits, providing examples and practice that directly support this learning objective.",multimodal,gpt-4o-mini
1899,1899_try_it_2,practiced_by,0.9,0.85,"The content provides a practical application of estimating one-sided limits using functional values, which directly supports the learning objective of understanding one-sided limits.",multimodal,gpt-4o-mini
1899,1900_example_1,exemplified_by,1.0,0.9,"The content directly addresses one-sided limits by evaluating the limit of the function as x approaches 0 from the left, providing examples and confirming conclusions through a table and graph.",multimodal,gpt-4o-mini
1900,1900_example_1,exemplified_by,1.0,0.85,"The content discusses infinite limits, specifically the behavior of the function as it approaches negative infinity, which is a key aspect of understanding infinite limits.",multimodal,gpt-4o-mini
1897,1900_example_2,exemplified_by,0.9,0.85,"The content provides a clear example of evaluating a limit, which aligns well with the intuitive understanding of limits.",multimodal,gpt-4o-mini
1899,1900_example_2,exemplified_by,0.9,0.85,"The content specifically addresses one-sided limits, particularly as x approaches 0 from the right, which is directly relevant.",multimodal,gpt-4o-mini
1900,1900_example_2,exemplified_by,0.9,0.85,"The content discusses infinite limits, as it concludes that the limit approaches +∞, which is a key concept in understanding infinite limits.",multimodal,gpt-4o-mini
1898,1900_example_3,exemplified_by,0.9,0.9,The content directly addresses the existence of a limit by demonstrating that the limit does not exist as x approaches 0.,multimodal,gpt-4o-mini
1899,1900_example_3,exemplified_by,0.9,0.9,"The content discusses one-sided limits, showing how the limits from the left and right differ.",multimodal,gpt-4o-mini
1900,1900_example_4,exemplified_by,0.9,0.85,"The content directly teaches the concept of infinite limits and vertical asymptotes, which are essential for understanding the learning objective.",multimodal,gpt-4o-mini
1900,1900_example_5,exemplified_by,1.0,0.9,"The content directly teaches the concept of infinite limits and provides examples of evaluating limits that approach vertical asymptotes, which aligns perfectly with the learning objective.",multimodal,gpt-4o-mini
1899,1900_example_5,exemplified_by,0.9,0.85,"The content includes examples of one-sided limits, specifically approaching from the positive side, which supports the understanding of one-sided limits as outlined in the learning objective.",multimodal,gpt-4o-mini
1900,1900_example_6,exemplified_by,0.9,0.85,"The content directly teaches the concept of infinite limits and vertical asymptotes, which are essential for understanding the learning objective.",multimodal,gpt-4o-mini
1897,1900_example_7,exemplified_by,0.9,0.85,"The content provides a clear example of limits, which supports the intuitive understanding of what a limit is.",multimodal,gpt-4o-mini
1899,1900_example_7,exemplified_by,1.0,0.9,"The content directly addresses one-sided limits, providing examples and explanations that support this learning objective.",multimodal,gpt-4o-mini
1897,1900_try_it_1,practiced_by,0.9,0.85,"The content provides a clear understanding of limits, particularly one-sided limits, through examples and functional values.",multimodal,gpt-4o-mini
1899,1900_try_it_1,practiced_by,0.9,0.9,"The content specifically addresses one-sided limits, demonstrating how to evaluate limits from the left and right.",multimodal,gpt-4o-mini
1899,1900_try_it_2,practiced_by,0.9,0.9,"The content explicitly discusses one-sided limits, particularly as it evaluates limits approaching from the right.",multimodal,gpt-4o-mini
1900,1900_try_it_2,practiced_by,0.9,0.9,The content addresses infinite limits by demonstrating that certain functions approach infinity as their input approaches zero from the right.,multimodal,gpt-4o-mini
1897,1900_try_it_3,practiced_by,0.9,0.85,"The content provides a clear evaluation of limits, which aligns well with the intuitive understanding of limits.",multimodal,gpt-4o-mini
1899,1900_try_it_3,practiced_by,0.9,0.85,"The content includes one-sided limits, specifically evaluating limits from the left and right, which directly supports this learning objective.",multimodal,gpt-4o-mini
1900,1900_try_it_3,practiced_by,0.9,0.85,"The content addresses infinite limits, particularly in the context of functions approaching infinity, which is central to this learning objective.",multimodal,gpt-4o-mini
1899,1900_try_it_4,practiced_by,0.9,0.85,"The content provides a thorough evaluation of one-sided limits and vertical asymptotes, which directly supports the learning objective of understanding one-sided limits.",multimodal,gpt-4o-mini
1899,1900_try_it_5,practiced_by,0.9,0.85,"The content provides a clear evaluation of one-sided limits, specifically demonstrating how to find the limit as x approaches a value from the right side, which directly supports the learning objective of understanding one-sided limits.",multimodal,gpt-4o-mini
1899,1900_try_it_6,practiced_by,0.9,0.9,"The content explicitly evaluates one-sided limits, which directly supports the learning objective of understanding one-sided limits.",multimodal,gpt-4o-mini
1900,1900_try_it_6,practiced_by,0.9,0.9,"The content addresses infinite limits and vertical asymptotes, which are key concepts in understanding infinite limits.",multimodal,gpt-4o-mini
1898,1900_try_it_7,practiced_by,0.9,0.9,The content directly addresses the existence of limits and provides examples that illustrate when limits exist or do not exist.,multimodal,gpt-4o-mini
1899,1900_try_it_7,practiced_by,1.0,0.95,"The content thoroughly covers one-sided limits, which is essential for understanding the concept of limits in the context provided.",multimodal,gpt-4o-mini
1902,1902_try_it_1,practiced_by,0.9,0.85,"The content directly teaches the application of limit laws, which is essential for evaluating limits as stated in the learning objective.",multimodal,gpt-4o-mini
1902,1903_try_it_1,practiced_by,0.9,0.85,"The content provides a clear example of evaluating limits of polynomial functions, which directly supports the learning objective of evaluating limits with the limit laws.",multimodal,gpt-4o-mini
1903,1903_try_it_1,practiced_by,0.9,0.85,"The content specifically addresses the limits of polynomial functions, demonstrating how to evaluate them, which aligns well with the learning objective.",multimodal,gpt-4o-mini
1902,1904_try_it_1,practiced_by,0.9,0.85,"The content provides practice in evaluating limits using the limit laws, which directly supports the learning objective of evaluating limits.",multimodal,gpt-4o-mini
1903,1904_try_it_1,practiced_by,0.9,0.85,"The content specifically addresses the limits of polynomial and rational functions, aligning well with the learning objective.",multimodal,gpt-4o-mini
1902,1904_try_it_2,practiced_by,0.9,0.85,"The content provides a detailed evaluation of limits using the limit laws, which directly supports the learning objective of evaluating limits.",multimodal,gpt-4o-mini
1902,1904_try_it_3,practiced_by,0.9,0.85,"The content provides a detailed evaluation of limits using algebraic simplification and the limit laws, which directly supports the learning objective of evaluating limits.",multimodal,gpt-4o-mini
1902,1904_try_it_4,practiced_by,0.9,0.85,"The content provides a detailed evaluation of limits using algebraic simplification, which directly supports the learning objective of evaluating limits with the limit laws.",multimodal,gpt-4o-mini
1902,1904_try_it_5,practiced_by,0.9,0.85,"The content directly teaches the application of limit laws, specifically the Sum Law, which is essential for evaluating limits.",multimodal,gpt-4o-mini
1902,1904_try_it_6,practiced_by,0.9,0.85,"The content provides a detailed evaluation of limits using the limit laws, which directly supports the learning objective of evaluating limits.",multimodal,gpt-4o-mini
1905,1905_try_it_1,practiced_by,1.0,0.95,"The content directly teaches the Squeeze Theorem and provides a worked example of its application, which is essential for understanding the learning objective.",multimodal,gpt-4o-mini
1902,1905_try_it_2,practiced_by,0.9,0.85,"The content provides a detailed evaluation of limits using trigonometric identities and the Quotient Rule, which directly supports the learning objective of evaluating limits with limit laws.",multimodal,gpt-4o-mini
1904,1905_try_it_2,practiced_by,0.9,0.85,"The content discusses additional techniques for evaluating limits, specifically using the Quotient Rule, which is relevant to the learning objective.",multimodal,gpt-4o-mini
1907,1907_try_it_1,practiced_by,0.9,0.85,"The content provides a clear example of determining continuity at a point, which directly supports the learning objective of understanding continuity at a point.",multimodal,gpt-4o-mini
1907,1908_try_it_1,practiced_by,0.9,0.85,"The content directly teaches the concept of continuity at a point, which is essential for understanding the learning objective.",multimodal,gpt-4o-mini
1908,1908_try_it_1,practiced_by,0.9,0.85,"The content provides examples and practice related to types of discontinuities, specifically removable discontinuities, which aligns with the learning objective.",multimodal,gpt-4o-mini
1907,1909_try_it_1,practiced_by,0.9,0.85,"The content provides a clear explanation of the definition of continuity at a point and examples that illustrate the concept, directly supporting the learning objective.",multimodal,gpt-4o-mini
1909,1909_try_it_1,practiced_by,0.9,0.85,"The content covers continuity over intervals and provides examples that demonstrate how to determine continuity, aligning well with the learning objective.",multimodal,gpt-4o-mini
1907,1909_try_it_2,practiced_by,0.9,0.85,"The content directly teaches the application of the Composite Function Theorem, which is essential for understanding continuity at a point, as it involves evaluating limits of composite functions.",multimodal,gpt-4o-mini
1907,1910_try_it_1,practiced_by,0.9,0.85,"The content directly addresses the concept of continuity for polynomial functions, which is essential for understanding continuity at a point.",multimodal,gpt-4o-mini
1907,1911_try_it_1,practiced_by,0.9,0.85,"The content discusses the continuity of polynomial functions, which directly supports the learning objective of understanding continuity at a point.",multimodal,gpt-4o-mini
1909,1911_try_it_1,practiced_by,0.9,0.85,"The content explains that polynomial functions are continuous over their entire domain, which aligns well with the learning objective of continuity over an interval.",multimodal,gpt-4o-mini
1911,1911_try_it_1,practiced_by,1.0,0.9,"The content explicitly uses the Intermediate Value Theorem to demonstrate the existence of a zero in the function, directly supporting the learning objective.",multimodal,gpt-4o-mini
1913,1913_try_it_2,practiced_by,0.9,0.85,"The content directly teaches the definition of a limit and provides practice in applying it, which is essential for quantifying closeness in limits.",multimodal,gpt-4o-mini
1913,1913_try_it_3,practiced_by,0.9,0.85,"The content provides a detailed proof of a limit, which directly teaches the concepts and skills needed to understand the precise definition of a limit.",multimodal,gpt-4o-mini
1913,1915_try_it_1,practiced_by,0.9,0.85,"The content provides a clear example of using the epsilon-delta definition of a limit, which directly supports understanding the concept of quantifying closeness in limits.",multimodal,gpt-4o-mini
957,957_concept_1,explained_by,0.9,0.85,The content directly supports the learning objective of solving trigonometric equations with identities by introducing fundamental identities and their verification.,multimodal,gpt-4o-mini
958,957_concept_1,explained_by,0.9,0.85,"The content focuses on verifying fundamental trigonometric identities, which aligns well with the learning objective.",multimodal,gpt-4o-mini
959,957_concept_1,explained_by,0.9,0.85,"The content discusses simplifying trigonometric expressions using identities, which directly supports the learning objective.",multimodal,gpt-4o-mini
958,958_concept_1,explained_by,1.0,0.9,"The content directly addresses the verification of fundamental trigonometric identities, making it highly relevant.",multimodal,gpt-4o-mini
957,959_concept_1,explained_by,0.9,0.85,"The content provides a strong foundation in using algebra to simplify trigonometric expressions, which is essential for solving trigonometric equations with identities.",multimodal,gpt-4o-mini
959,959_concept_1,explained_by,1.0,0.9,"The content is directly aligned with the learning objective, as it focuses specifically on using algebra to simplify trigonometric expressions.",multimodal,gpt-4o-mini
960,960_concept_1,explained_by,0.9,0.85,"The content introduces the sum and difference identities, which directly supports the learning objective of using these identities.",multimodal,gpt-4o-mini
961,960_concept_1,explained_by,0.9,0.85,"The content prepares students to use the sum and difference formulas for cosine, aligning well with the learning objective.",multimodal,gpt-4o-mini
962,960_concept_1,explained_by,0.9,0.85,"The content prepares students to use the sum and difference formulas for sine, directly supporting the learning objective.",multimodal,gpt-4o-mini
963,960_concept_1,explained_by,0.9,0.85,"The content prepares students to use the sum and difference formulas for tangent, aligning with the learning objective.",multimodal,gpt-4o-mini
964,960_concept_1,explained_by,0.9,0.85,"The content prepares students to use the sum and difference formulas for cofunctions, directly supporting the learning objective.",multimodal,gpt-4o-mini
965,960_concept_1,explained_by,0.9,0.85,"The content prepares students to use the sum and difference formulas to verify identities, aligning well with the learning objective.",multimodal,gpt-4o-mini
960,961_concept_1,explained_by,0.9,0.85,"The content directly teaches the sum and difference formulas for cosine, which are essential for understanding the related identities.",multimodal,gpt-4o-mini
961,961_concept_1,explained_by,1.0,0.9,"The content specifically focuses on using the sum and difference formulas for cosine, aligning perfectly with this learning objective.",multimodal,gpt-4o-mini
960,962_concept_1,explained_by,1.0,0.95,"The content directly teaches the sum and difference formulas for sine, which is the focus of the learning objective.",multimodal,gpt-4o-mini
962,962_concept_1,explained_by,1.0,0.95,"The content is explicitly about using the sum and difference formulas for sine, directly supporting this learning objective.",multimodal,gpt-4o-mini
960,963_concept_1,explained_by,1.0,0.9,"The content directly teaches the sum and difference formulas for tangent, which aligns perfectly with the learning objective of understanding sum and difference identities.",multimodal,gpt-4o-mini
963,963_concept_1,explained_by,1.0,0.9,"The content is explicitly about using the sum and difference formulas for tangent, which directly supports this learning objective.",multimodal,gpt-4o-mini
964,964_concept_1,explained_by,1.0,0.9,"The content directly addresses using sum and difference formulas specifically for cofunctions, aligning perfectly with the learning objective.",multimodal,gpt-4o-mini
960,965_concept_1,explained_by,0.9,0.85,"The content provides a thorough explanation of using sum and difference identities, which directly supports understanding the sum and difference identities.",multimodal,gpt-4o-mini
965,965_concept_1,explained_by,1.0,0.9,"The content is explicitly focused on verifying identities using sum and difference formulas, directly supporting this learning objective.",multimodal,gpt-4o-mini
966,966_concept_1,explained_by,0.9,0.85,"The content introduces double-angle, half-angle, and reduction formulas, which directly supports the learning objective of understanding these concepts.",multimodal,gpt-4o-mini
967,967_concept_1,explained_by,1.0,0.9,"The content specifically focuses on using double-angle formulas to find exact values, aligning perfectly with the learning objective.",multimodal,gpt-4o-mini
968,968_concept_1,explained_by,1.0,0.95,"The content directly teaches the process of using double-angle formulas to verify identities, which aligns perfectly with the learning objective.",multimodal,gpt-4o-mini
966,969_concept_1,explained_by,0.9,0.85,"The content directly teaches the reduction formulas derived from double-angle formulas, which are essential for understanding the concepts in this learning objective.",multimodal,gpt-4o-mini
969,969_concept_1,explained_by,1.0,0.9,"The content is specifically about using reduction formulas to simplify expressions, which aligns perfectly with this learning objective.",multimodal,gpt-4o-mini
970,970_concept_1,explained_by,1.0,0.95,"The content directly teaches the half-angle formulas and provides examples and practice for finding exact values using these formulas, which aligns perfectly with the learning objective.",multimodal,gpt-4o-mini
971,971_concept_1,explained_by,1.0,0.9,"The content directly addresses the unit on Sum-to-Product and Product-to-Sum Formulas, which is the focus of the learning objectives.",multimodal,gpt-4o-mini
972,971_concept_1,explained_by,1.0,0.9,"The content supports the objective of expressing products as sums, as it is centered around the relevant formulas.",multimodal,gpt-4o-mini
973,971_concept_1,explained_by,1.0,0.9,"The content supports the objective of expressing sums as products, as it discusses the necessary formulas for this transformation.",multimodal,gpt-4o-mini
972,972_concept_1,explained_by,1.0,0.95,"The content directly teaches the product-to-sum formulas and provides examples and practice for expressing products of trigonometric functions as sums, which aligns perfectly with the learning objective.",multimodal,gpt-4o-mini
973,973_concept_1,explained_by,1.0,0.9,"The content explicitly teaches how to express sums as products using sum-to-product identities, directly aligning with the learning objective.",multimodal,gpt-4o-mini
974,974_concept_1,explained_by,1.0,0.95,"The content directly addresses the overall topic of solving trigonometric equations, which is the main focus of the learning objective.",multimodal,gpt-4o-mini
975,974_concept_1,explained_by,1.0,0.9,"The content includes solving linear trigonometric equations in sine and cosine, which aligns perfectly with the learning objective.",multimodal,gpt-4o-mini
976,974_concept_1,explained_by,1.0,0.9,"The content supports solving equations involving a single trigonometric function, as it is a fundamental aspect of trigonometric equations.",multimodal,gpt-4o-mini
977,974_concept_1,explained_by,1.0,0.85,"The content prepares students to solve trigonometric equations using a calculator, which is a practical skill mentioned in the learning objectives.",multimodal,gpt-4o-mini
978,974_concept_1,explained_by,1.0,0.85,"The content supports solving trigonometric equations that are quadratic in form, as it is a specific type of equation covered in the objectives.",multimodal,gpt-4o-mini
979,974_concept_1,explained_by,1.0,0.85,"The content discusses using fundamental identities, which is essential for solving trigonometric equations as outlined in the learning objectives.",multimodal,gpt-4o-mini
980,974_concept_1,explained_by,1.0,0.8,"The content prepares students to solve trigonometric equations with multiple angles, which is a specific learning objective.",multimodal,gpt-4o-mini
975,975_concept_1,explained_by,1.0,0.95,"The content directly teaches the concepts and skills needed to solve linear trigonometric equations in sine and cosine, providing clear examples and step-by-step solutions that align perfectly with the learning objective.",multimodal,gpt-4o-mini
974,975_concept_1,explained_by,0.9,0.85,"The content supports the broader objective of solving trigonometric equations by focusing on linear forms, which is a specific case within that unit.",multimodal,gpt-4o-mini
974,976_concept_1,explained_by,0.9,0.85,"The content provides a comprehensive overview of solving equations involving single trigonometric functions, which directly supports the learning objective of solving trigonometric equations.",multimodal,gpt-4o-mini
976,976_concept_1,explained_by,1.0,0.9,"The content is explicitly focused on solving equations involving a single trigonometric function, making it directly relevant to the learning objective.",multimodal,gpt-4o-mini
974,977_concept_1,explained_by,0.9,0.85,"The content directly teaches how to solve trigonometric equations using a calculator, which aligns with the learning objective.",multimodal,gpt-4o-mini
976,977_concept_1,explained_by,0.9,0.85,"The content focuses on solving equations involving a single trigonometric function using a calculator, which is relevant to the learning objective.",multimodal,gpt-4o-mini
977,977_concept_1,explained_by,1.0,0.9,"The content is explicitly titled 'Solve Trigonometric Equations Using a Calculator,' making it perfectly aligned with the learning objective.",multimodal,gpt-4o-mini
974,978_concept_1,explained_by,0.9,0.85,"The content provides a comprehensive overview of solving trigonometric equations, specifically in quadratic form, which directly supports the learning objective.",multimodal,gpt-4o-mini
978,978_concept_1,explained_by,1.0,0.9,"The content is specifically about solving trigonometric equations in quadratic form, directly aligning with the learning objective.",multimodal,gpt-4o-mini
974,979_concept_1,explained_by,1.0,0.95,"The content directly teaches the methods and techniques for solving trigonometric equations using fundamental identities, which aligns perfectly with the learning objective.",multimodal,gpt-4o-mini
978,979_concept_1,explained_by,0.9,0.9,"The content includes examples that can be related to solving equations in quadratic form, particularly through the use of identities, making it relevant to this learning objective.",multimodal,gpt-4o-mini
979,979_concept_1,explained_by,1.0,0.95,"The content is specifically about solving trigonometric equations using fundamental identities, which is exactly what this learning objective entails.",multimodal,gpt-4o-mini
980,980_concept_1,explained_by,1.0,0.95,"The content directly teaches how to solve trigonometric equations with multiple angles, providing both the necessary concepts and a worked example that aligns perfectly with the learning objective.",multimodal,gpt-4o-mini
974,980_concept_1,explained_by,0.9,0.9,"The content supports the broader topic of solving trigonometric equations, as it includes methods applicable to various types of equations, including those with multiple angles.",multimodal,gpt-4o-mini
981,981_concept_1,explained_by,1.0,0.95,"The content directly teaches the concepts and skills needed to solve right triangle problems using the Pythagorean Theorem and trigonometric functions, which aligns perfectly with the learning objective.",multimodal,gpt-4o-mini
982,982_concept_1,explained_by,0.9,0.85,"The content provides a general overview of modeling with trigonometric functions, which supports the learning objective of the unit.",multimodal,gpt-4o-mini
985,982_concept_1,explained_by,0.9,0.85,"The content focuses on modeling periodic behavior, which is a key aspect of the learning objective.",multimodal,gpt-4o-mini
986,982_concept_1,explained_by,0.9,0.85,"The content addresses modeling harmonic motion functions, which is directly relevant to the learning objective.",multimodal,gpt-4o-mini
983,983_concept_1,explained_by,1.0,0.9,"The content directly teaches how to determine the amplitude and period of sinusoidal functions, aligning perfectly with the learning objective.",multimodal,gpt-4o-mini
983,984_concept_1,explained_by,0.9,0.85,"The content directly addresses determining the amplitude and period of sinusoidal functions, which is essential for this learning objective.",multimodal,gpt-4o-mini
984,984_concept_1,explained_by,1.0,0.9,"The content is specifically about finding equations and graphing sinusoidal functions, directly supporting this learning objective.",multimodal,gpt-4o-mini
982,985_concept_1,explained_by,0.9,0.85,"The content provides a comprehensive overview of modeling periodic behavior using trigonometric functions, which aligns well with the learning objective.",multimodal,gpt-4o-mini
984,985_concept_1,explained_by,0.9,0.9,"The content directly teaches how to find equations and graph sinusoidal functions, which is central to the learning objective.",multimodal,gpt-4o-mini
985,985_concept_1,explained_by,1.0,0.9,"The content is specifically focused on modeling periodic behavior, making it highly relevant to the learning objective.",multimodal,gpt-4o-mini
982,986_concept_1,explained_by,0.9,0.85,"The content provides a comprehensive overview of modeling harmonic motion using trigonometric functions, which directly supports the learning objective of modeling with trigonometric functions.",multimodal,gpt-4o-mini
983,986_concept_1,explained_by,0.9,0.85,"The content includes detailed examples of finding the amplitude and period of sinusoidal functions, which aligns well with the learning objective.",multimodal,gpt-4o-mini
984,986_concept_1,explained_by,0.9,0.85,"The content offers multiple examples of finding equations and graphing sinusoidal functions, directly supporting the learning objective.",multimodal,gpt-4o-mini
986,986_concept_1,explained_by,1.0,0.9,"The content is explicitly about modeling harmonic motion functions, making it perfectly aligned with the learning objective.",multimodal,gpt-4o-mini
